{
	"credit": "Made by N0do | GMnodo",
	"parent": "minecraft:block/cube_column",
	"textures": {
		"2": "modeltextures/mushroom_stem",
		"3": "modeltextures/mushroom_block_inside",
		"4": "modeltextures/brown_mushroom_block",
		"5": "modeltextures/oak_log",
		"particle": "modeltextures/brown_mushroom_block"
	},
	"elements": [
		{
			"from": [9.36602, 2, 3.35051],
			"to": [10.36602, 3, 4.35051],
			"rotation": {"angle": -45, "axis": "y", "origin": [5.8938, 2.11111, -0.37172]},
			"faces": {
				"north": {"uv": [7, 8, 8, 9], "texture": "#2"},
				"east": {"uv": [8, 5, 9, 6], "texture": "#2"},
				"south": {"uv": [6, 6, 7, 7], "texture": "#2"},
				"west": {"uv": [9, 3, 10, 4], "texture": "#2"}
			}
		},
		{
			"from": [8.36602, 3, 2.35051],
			"to": [11.36602, 4, 5.35051],
			"rotation": {"angle": -45, "axis": "y", "origin": [5.8938, 2.11111, -0.37172]},
			"faces": {
				"north": {"uv": [2, 3, 5, 4], "texture": "#4"},
				"east": {"uv": [8, 3, 11, 4], "texture": "#4"},
				"south": {"uv": [3, 3, 6, 4], "texture": "#4"},
				"west": {"uv": [8, 1, 11, 2], "texture": "#4"},
				"up": {"uv": [4, 3, 7, 6], "rotation": 270, "texture": "#4"},
				"down": {"uv": [5, 4, 8, 7], "rotation": 90, "texture": "#3"}
			}
		},
		{
			"from": [8.19444, 0, 12.25],
			"to": [9.19444, 2, 13.25],
			"rotation": {"angle": -45, "axis": "y", "origin": [8.72222, 2.11111, 9.52778]},
			"faces": {
				"north": {"uv": [7, 8, 8, 10], "texture": "#2"},
				"east": {"uv": [8, 5, 9, 7], "texture": "#2"},
				"south": {"uv": [6, 6, 7, 8], "texture": "#2"},
				"west": {"uv": [9, 3, 10, 5], "texture": "#2"},
				"down": {"uv": [6, 6, 7, 7], "rotation": 90, "texture": "#2", "cullface": "down"}
			}
		},
		{
			"from": [7.19444, 2, 11.25],
			"to": [10.19444, 3, 14.25],
			"rotation": {"angle": -45, "axis": "y", "origin": [8.72222, 2.11111, 9.52778]},
			"faces": {
				"north": {"uv": [2, 3, 5, 4], "texture": "#4"},
				"east": {"uv": [8, 3, 11, 4], "texture": "#4"},
				"south": {"uv": [3, 3, 6, 4], "texture": "#4"},
				"west": {"uv": [8, 1, 11, 2], "texture": "#4"},
				"up": {"uv": [4, 3, 7, 6], "rotation": 270, "texture": "#4"},
				"down": {"uv": [5, 4, 8, 7], "rotation": 90, "texture": "#3"}
			}
		},
		{
			"from": [7.19444, 0, 3.25],
			"to": [8.19444, 1, 4.25],
			"rotation": {"angle": -45, "axis": "y", "origin": [8.72222, 2.11111, 9.52778]},
			"faces": {
				"north": {"uv": [7, 8, 8, 9], "texture": "#2"},
				"east": {"uv": [8, 5, 9, 6], "texture": "#2"},
				"south": {"uv": [6, 6, 7, 7], "texture": "#2"},
				"west": {"uv": [9, 3, 10, 4], "texture": "#2"},
				"down": {"uv": [6, 6, 7, 7], "rotation": 90, "texture": "#2", "cullface": "down"}
			}
		},
		{
			"from": [6.19444, 1, 2.25],
			"to": [9.19444, 2, 5.25],
			"rotation": {"angle": -45, "axis": "y", "origin": [8.72222, 2.11111, 9.52778]},
			"faces": {
				"north": {"uv": [2, 3, 5, 4], "texture": "#4"},
				"east": {"uv": [8, 3, 11, 4], "texture": "#4"},
				"south": {"uv": [3, 3, 6, 4], "texture": "#4"},
				"west": {"uv": [8, 1, 11, 2], "texture": "#4"},
				"up": {"uv": [4, 3, 7, 6], "rotation": 270, "texture": "#4"},
				"down": {"uv": [5, 4, 8, 7], "rotation": 90, "texture": "#3"}
			}
		},
		{
			"from": [10.48734, 4, 5.54289],
			"to": [13.48734, 5, 8.54289],
			"rotation": {"angle": -45, "axis": "y", "origin": [8.01512, 2.11111, 8.82067]},
			"faces": {
				"north": {"uv": [6, 2, 9, 3], "texture": "#4"},
				"east": {"uv": [12, 13, 15, 14], "texture": "#4"},
				"south": {"uv": [3, 6, 6, 7], "texture": "#4"},
				"west": {"uv": [10, 3, 13, 4], "texture": "#4"},
				"up": {"uv": [4, 3, 7, 6], "rotation": 270, "texture": "#4"},
				"down": {"uv": [5, 4, 8, 7], "rotation": 90, "texture": "#3"}
			}
		},
		{
			"from": [10.48734, 3, 4.54289],
			"to": [13.48734, 4, 5.54289],
			"rotation": {"angle": -45, "axis": "y", "origin": [8.01512, 2.11111, 8.82067]},
			"faces": {
				"north": {"uv": [6, 2, 9, 3], "texture": "#4"},
				"east": {"uv": [12, 13, 13, 14], "texture": "#4"},
				"south": {"uv": [3, 6, 6, 7], "texture": "#4"},
				"west": {"uv": [10, 3, 11, 4], "texture": "#4"},
				"up": {"uv": [4, 3, 5, 6], "rotation": 270, "texture": "#4"},
				"down": {"uv": [5, 4, 6, 7], "rotation": 90, "texture": "#3"}
			}
		},
		{
			"from": [10.48734, 3, 8.54289],
			"to": [13.48734, 4, 9.54289],
			"rotation": {"angle": -45, "axis": "y", "origin": [8.01512, 2.11111, 8.82067]},
			"faces": {
				"north": {"uv": [6, 2, 9, 3], "texture": "#4"},
				"east": {"uv": [12, 11, 13, 12], "texture": "#4"},
				"south": {"uv": [9, 4, 12, 5], "texture": "#4"},
				"west": {"uv": [12, 7, 13, 8], "texture": "#4"},
				"up": {"uv": [10, 4, 11, 7], "rotation": 270, "texture": "#4"},
				"down": {"uv": [5, 4, 6, 7], "rotation": 90, "texture": "#3"}
			}
		},
		{
			"from": [13.48734, 3, 5.54289],
			"to": [14.48734, 4, 8.54289],
			"rotation": {"angle": -45, "axis": "y", "origin": [8.01512, 2.11111, 8.82067]},
			"faces": {
				"north": {"uv": [7, 5, 8, 6], "texture": "#4"},
				"east": {"uv": [9, 4, 12, 5], "texture": "#4"},
				"south": {"uv": [12, 7, 13, 8], "texture": "#4"},
				"west": {"uv": [6, 2, 9, 3], "texture": "#4"},
				"up": {"uv": [6, 6, 9, 7], "rotation": 270, "texture": "#4"},
				"down": {"uv": [5, 4, 6, 7], "rotation": 180, "texture": "#3"}
			}
		},
		{
			"from": [9.48734, 3, 5.54289],
			"to": [10.48734, 4, 8.54289],
			"rotation": {"angle": -45, "axis": "y", "origin": [8.01512, 2.11111, 8.82067]},
			"faces": {
				"north": {"uv": [12, 13, 13, 14], "texture": "#4"},
				"east": {"uv": [3, 6, 6, 7], "texture": "#4"},
				"south": {"uv": [10, 3, 11, 4], "texture": "#4"},
				"west": {"uv": [6, 5, 9, 6], "texture": "#4"},
				"up": {"uv": [9, 8, 12, 9], "rotation": 270, "texture": "#4"},
				"down": {"uv": [5, 4, 6, 7], "rotation": 180, "texture": "#3"}
			}
		},
		{
			"from": [3.19444, 0, 7.25],
			"to": [11.19444, 2, 9.25],
			"rotation": {"angle": -45, "axis": "y", "origin": [8.72222, 2.11111, 9.52778]},
			"faces": {
				"north": {"uv": [5, 6, 13, 8], "texture": "#5"},
				"south": {"uv": [5, 4, 13, 6], "texture": "#5"},
				"west": {"uv": [1, 1, 3, 3], "texture": "#5"},
				"up": {"uv": [5, 3, 7, 11], "rotation": 270, "texture": "#5"},
				"down": {"uv": [3, 4, 5, 12], "rotation": 90, "texture": "#5", "cullface": "down"}
			}
		},
		{
			"from": [11.48734, 0, 6.54289],
			"to": [12.48734, 4, 7.54289],
			"rotation": {"angle": -45, "axis": "y", "origin": [8.01512, 2.11111, 8.82067]},
			"faces": {
				"north": {"uv": [4, 4, 5, 7], "texture": "#2"},
				"east": {"uv": [4, 4, 5, 7], "texture": "#2"},
				"south": {"uv": [4, 4, 5, 7], "texture": "#2"},
				"west": {"uv": [4, 4, 5, 7], "texture": "#2"},
				"down": {"uv": [4, 4, 5, 5], "rotation": 90, "texture": "#2", "cullface": "down"}
			}
		},
		{
			"from": [11.19444, 0, 8.25],
			"to": [12.19444, 2, 9.25],
			"rotation": {"angle": -45, "axis": "y", "origin": [8.72222, 2.11111, 9.52778]},
			"faces": {
				"east": {"uv": [10, 7, 11, 9], "texture": "#5"},
				"up": {"uv": [10, 7, 11, 8], "rotation": 270, "texture": "#5"},
				"down": {"uv": [10, 7, 11, 8], "rotation": 90, "texture": "#5", "cullface": "down"}
			}
		},
		{
			"from": [10.19444, 0, 9.25],
			"to": [11.19444, 2, 10.25],
			"rotation": {"angle": -45, "axis": "y", "origin": [8.72222, 2.11111, 9.52778]},
			"faces": {
				"south": {"uv": [5, 7, 6, 9], "texture": "#5"},
				"west": {"uv": [5, 7, 6, 9], "texture": "#5"},
				"up": {"uv": [5, 7, 6, 8], "rotation": 270, "texture": "#5"},
				"down": {"uv": [5, 7, 6, 8], "rotation": 90, "texture": "#5", "cullface": "down"}
			}
		},
		{
			"from": [11.19444, 0, 9.25],
			"to": [12.19444, 2, 10.25],
			"rotation": {"angle": -45, "axis": "y", "origin": [8.72222, 2.11111, 9.52778]},
			"faces": {
				"up": {"uv": [11, 5, 12, 6], "rotation": 270, "texture": "#5"},
				"down": {"uv": [11, 5, 12, 6], "rotation": 90, "texture": "#5", "cullface": "down"}
			}
		},
		{
			"from": [12.19444, 0, 9.25],
			"to": [13.19444, 2, 10.25],
			"rotation": {"angle": -45, "axis": "y", "origin": [8.72222, 2.11111, 9.52778]},
			"faces": {
				"north": {"uv": [10, 7, 11, 9], "texture": "#5"},
				"east": {"uv": [10, 7, 11, 9], "texture": "#5"},
				"up": {"uv": [10, 7, 11, 8], "rotation": 270, "texture": "#5"},
				"down": {"uv": [10, 7, 11, 8], "rotation": 90, "texture": "#5", "cullface": "down"}
			}
		},
		{
			"from": [12.19444, 0, 10.25],
			"to": [13.19444, 2, 11.25],
			"rotation": {"angle": -45, "axis": "y", "origin": [8.72222, 2.11111, 9.52778]},
			"faces": {
				"east": {"uv": [11, 5, 12, 7], "texture": "#5"},
				"south": {"uv": [11, 5, 12, 7], "texture": "#5"},
				"up": {"uv": [11, 5, 12, 6], "rotation": 270, "texture": "#5"},
				"down": {"uv": [11, 5, 12, 6], "rotation": 90, "texture": "#5", "cullface": "down"}
			}
		},
		{
			"from": [11.19444, 0, 10.25],
			"to": [12.19444, 2, 11.25],
			"rotation": {"angle": -45, "axis": "y", "origin": [8.72222, 2.11111, 9.52778]},
			"faces": {
				"south": {"uv": [5, 7, 6, 9], "texture": "#5"},
				"west": {"uv": [5, 7, 6, 9], "texture": "#5"},
				"up": {"uv": [5, 7, 6, 8], "rotation": 270, "texture": "#5"},
				"down": {"uv": [5, 7, 6, 8], "rotation": 90, "texture": "#5", "cullface": "down"}
			}
		}
	],
	"display": {
		"thirdperson_righthand": {
			"translation": [0, 3, 1],
			"scale": [0.55, 0.55, 0.55]
		},
		"thirdperson_lefthand": {
			"translation": [0, 3, 1],
			"scale": [0.55, 0.55, 0.55]
		},
		"firstperson_righthand": {
			"rotation": [0, -90, 25],
			"translation": [1.13, 3.2, 1.13],
			"scale": [0.68, 0.68, 0.68]
		},
		"firstperson_lefthand": {
			"rotation": [0, -90, 25],
			"translation": [1.13, 3.2, 1.13],
			"scale": [0.68, 0.68, 0.68]
		},
		"ground": {
			"translation": [0, 2, 0],
			"scale": [0.5, 0.5, 0.5]
		},
		"head": {
			"rotation": [0, 180, 0],
			"translation": [0, 13, 7]
		},
		"fixed": {
			"rotation": [0, 180, 0]
		}
	}
}