{
	"credit": "Made by N0do | GMnodo",
	"parent": "minecraft:block/cube_column",
	"textures": {
		"2": "modeltextures/mushroom_stem",
		"3": "modeltextures/mushroom_block_inside",
		"4": "modeltextures/red_mushroom_block",
		"particle": "modeltextures/red_mushroom_block"
	},
	"elements": [
		{
			"from": [7.25, 0, 7.25],
			"to": [8.75, 6, 8.75],
			"faces": {
				"north": {"uv": [10, 4, 12, 10], "texture": "#2"},
				"east": {"uv": [9, 6, 11, 12], "texture": "#2"},
				"south": {"uv": [3, 2, 5, 8], "texture": "#2"},
				"west": {"uv": [6, 4, 8, 10], "texture": "#2"},
				"down": {"uv": [11, 10, 13, 12], "texture": "#2", "cullface": "down"}
			}
		},
		{
			"from": [5, 6, 5],
			"to": [11, 7, 11],
			"faces": {
				"north": {"uv": [5, 5, 11, 6], "texture": "#4"},
				"east": {"uv": [3, 9, 9, 10], "texture": "#4"},
				"south": {"uv": [1, 6, 7, 7], "texture": "#4"},
				"west": {"uv": [5, 6, 11, 7], "texture": "#4"},
				"up": {"uv": [4, 4, 10, 10], "texture": "#4"},
				"down": {"uv": [5, 4, 11, 10], "texture": "#3"}
			}
		},
		{
			"from": [6, 7, 6],
			"to": [10, 8, 10],
			"faces": {
				"north": {"uv": [5, 5, 11, 6], "texture": "#4"},
				"east": {"uv": [3, 9, 9, 10], "texture": "#4"},
				"south": {"uv": [1, 6, 7, 7], "texture": "#4"},
				"west": {"uv": [5, 6, 11, 7], "texture": "#4"},
				"up": {"uv": [2, 6, 6, 10], "texture": "#4"}
			}
		},
		{
			"from": [4, 5, 4],
			"to": [12, 6, 5],
			"faces": {
				"north": {"uv": [5, 6, 14, 7], "texture": "#4"},
				"east": {"uv": [11, 10, 12.5, 11], "texture": "#4"},
				"south": {"uv": [0, 0, 9, 1], "texture": "#3"},
				"west": {"uv": [12, 2, 13.5, 3], "texture": "#4"},
				"up": {"uv": [0, 0, 9, 1.5], "texture": "#4"},
				"down": {"uv": [3, 4, 12, 5.5], "texture": "#3"}
			}
		},
		{
			"from": [4, 5, 11],
			"to": [12, 6, 12],
			"faces": {
				"north": {"uv": [0, 0, 9, 1], "texture": "#3"},
				"east": {"uv": [3, 3, 4, 4], "texture": "#4"},
				"south": {"uv": [5, 8, 14, 9], "texture": "#4"},
				"west": {"uv": [7, 5, 8.5, 6], "texture": "#4"},
				"up": {"uv": [2, 7, 11, 8.5], "texture": "#4"},
				"down": {"uv": [3, 4, 12, 5.5], "texture": "#3"}
			}
		},
		{
			"from": [11, 5, 5],
			"to": [12, 6, 11],
			"faces": {
				"east": {"uv": [5, 7, 11, 8], "texture": "#4"},
				"west": {"uv": [0, 0, 6, 1], "texture": "#3"},
				"up": {"uv": [0, 0, 1.5, 6], "texture": "#4"},
				"down": {"uv": [11, 3, 12.5, 9], "texture": "#3"}
			}
		},
		{
			"from": [4, 5, 5],
			"to": [5, 6, 11],
			"faces": {
				"east": {"uv": [0, 0, 6, 1], "texture": "#3"},
				"west": {"uv": [1, 2, 7, 3], "texture": "#4"},
				"up": {"uv": [0, 0, 1.5, 6], "texture": "#4"},
				"down": {"uv": [11, 5, 12.5, 11], "texture": "#3"}
			}
		},
		{
			"from": [3, 0, 2],
			"to": [4, 2, 3],
			"faces": {
				"north": {"uv": [9, 3, 10, 5], "texture": "#2"},
				"east": {"uv": [7, 8, 8, 10], "texture": "#2"},
				"south": {"uv": [8, 5, 9, 7], "texture": "#2"},
				"west": {"uv": [6, 6, 7, 8], "texture": "#2"},
				"down": {"uv": [6, 6, 7, 7], "texture": "#2", "cullface": "down"}
			}
		},
		{
			"from": [2, 2, 1],
			"to": [5, 3, 4],
			"faces": {
				"north": {"uv": [10, 7, 13, 8], "texture": "#4"},
				"east": {"uv": [5, 2, 8, 3], "texture": "#4"},
				"south": {"uv": [8, 3, 11, 4], "texture": "#4"},
				"west": {"uv": [3, 3, 6, 4], "texture": "#4"},
				"up": {"uv": [4, 3, 7, 6], "texture": "#4"},
				"down": {"uv": [5, 4, 8, 7], "texture": "#3"}
			}
		},
		{
			"from": [1, 0, 14],
			"to": [2, 2, 15],
			"rotation": {"angle": 22.5, "axis": "y", "origin": [0.5, 1.75, 11.5]},
			"faces": {
				"north": {"uv": [9, 3, 10, 5], "texture": "#2"},
				"east": {"uv": [7, 8, 8, 10], "texture": "#2"},
				"south": {"uv": [8, 5, 9, 7], "texture": "#2"},
				"west": {"uv": [6, 6, 7, 8], "texture": "#2"},
				"down": {"uv": [6, 6, 7, 7], "texture": "#2", "cullface": "down"}
			}
		},
		{
			"from": [0, 2, 13],
			"to": [3, 3, 16],
			"rotation": {"angle": 22.5, "axis": "y", "origin": [0.5, 1.75, 11.5]},
			"faces": {
				"north": {"uv": [9, 8, 12, 9], "texture": "#4"},
				"east": {"uv": [3, 6, 6, 7], "texture": "#4"},
				"south": {"uv": [8, 3, 11, 4], "texture": "#4"},
				"west": {"uv": [6, 6, 9, 7], "texture": "#4"},
				"up": {"uv": [6, 6, 9, 9], "texture": "#4"},
				"down": {"uv": [5, 4, 8, 7], "texture": "#3"}
			}
		},
		{
			"from": [14, 0, 9],
			"to": [15, 2, 10],
			"faces": {
				"north": {"uv": [9, 3, 10, 5], "texture": "#2"},
				"east": {"uv": [7, 8, 8, 10], "texture": "#2"},
				"south": {"uv": [8, 5, 9, 7], "texture": "#2"},
				"west": {"uv": [6, 6, 7, 8], "texture": "#2"},
				"down": {"uv": [6, 6, 7, 7], "texture": "#2", "cullface": "down"}
			}
		},
		{
			"from": [13, 2, 8],
			"to": [16, 3, 11],
			"faces": {
				"north": {"uv": [10, 7, 13, 8], "texture": "#4"},
				"east": {"uv": [4, 7, 7, 8], "texture": "#4", "cullface": "east"},
				"south": {"uv": [8, 3, 11, 4], "texture": "#4"},
				"west": {"uv": [3, 3, 6, 4], "texture": "#4"},
				"up": {"uv": [4, 3, 7, 6], "texture": "#4"},
				"down": {"uv": [5, 4, 8, 7], "texture": "#3"}
			}
		}
	],
	"display": {
		"thirdperson_righthand": {
			"translation": [0, 3, 1],
			"scale": [0.55, 0.55, 0.55]
		},
		"thirdperson_lefthand": {
			"translation": [0, 3, 1],
			"scale": [0.55, 0.55, 0.55]
		},
		"firstperson_righthand": {
			"rotation": [0, -90, 25],
			"translation": [1.13, 3.2, 1.13],
			"scale": [0.68, 0.68, 0.68]
		},
		"firstperson_lefthand": {
			"rotation": [0, -90, 25],
			"translation": [1.13, 3.2, 1.13],
			"scale": [0.68, 0.68, 0.68]
		},
		"ground": {
			"translation": [0, 2, 0],
			"scale": [0.5, 0.5, 0.5]
		},
		"head": {
			"rotation": [0, 180, 0],
			"translation": [0, 13, 7]
		},
		"fixed": {
			"rotation": [0, 180, 0]
		}
	}
}