{
	"variants": {
        "": [
            { "model": "block/mushroom/red/red_mushroom1", "weight": 3 },
			{ "model": "block/mushroom/red/red_mushroom2", "weight": 1 },
                        { "model": "block/mushroom/red/red_mushroom3", "weight": 1 },
                        { "model": "block/mushroom/red/red_mushroom4", "weight": 2 },
                        { "model": "block/mushroom/red/red_mushroom5", "weight": 1 },
                        { "model": "block/mushroom/red/red_mushroom6", "weight": 1 },
                        { "model": "block/mushroom/red/red_mushroom7", "weight": 2 },
                        { "model": "block/mushroom/red/red_mushroom8", "weight": 1 },
                        { "model": "block/mushroom/red/red_mushroom9", "weight": 1 }
        ]
    }
}