{
	"credit": "Made by N0do | GMnodo",
	"textures": {
		"0": "modeltextures/ore/nether_gold_ore",
		"particle": "modeltextures/ore/nether_gold_ore"
	},
	"elements": [
		{
			"from": [0, 0, 0],
			"to": [16, 16, 16],
			"faces": {
				"north": {"uv": [0, 0, 16, 16], "texture": "#0", "cullface": "north"},
				"east": {"uv": [0, 0, 16, 16], "texture": "#0", "cullface": "east"},
				"south": {"uv": [0, 0, 16, 16], "texture": "#0", "cullface": "south"},
				"west": {"uv": [0, 0, 16, 16], "texture": "#0", "cullface": "west"},
				"up": {"uv": [0, 0, 16, 16], "texture": "#0", "cullface": "up"},
				"down": {"uv": [0, 0, 16, 16], "texture": "#0", "cullface": "down"}
			}
		},
		{
			"from": [6, 1, -0.75],
			"to": [7, 3, 0],
			"faces": {
				"north": {"uv": [9, 13, 10, 15], "texture": "#0", "cullface": "north"},
				"east": {"uv": [9, 13, 9.75, 15], "texture": "#0", "cullface": "north"},
				"west": {"uv": [9, 13, 9.75, 15], "texture": "#0", "cullface": "north"},
				"up": {"uv": [9, 13, 10, 13.75], "texture": "#0", "cullface": "north"},
				"down": {"uv": [9, 14, 10, 14.75], "texture": "#0", "cullface": "north"}
			}
		},
		{
			"from": [8, 4, -0.75],
			"to": [9, 5, 0],
			"faces": {
				"north": {"uv": [7, 11, 8, 12], "texture": "#0", "cullface": "north"},
				"east": {"uv": [7, 11, 7.75, 12], "texture": "#0", "cullface": "north"},
				"west": {"uv": [7, 11, 7.75, 12], "texture": "#0", "cullface": "north"},
				"up": {"uv": [7, 11, 8, 11.75], "texture": "#0", "cullface": "north"}
			}
		},
		{
			"from": [14, 4, -0.75],
			"to": [15, 5, 0],
			"faces": {
				"north": {"uv": [1, 11, 2, 12], "texture": "#0", "cullface": "north"},
				"east": {"uv": [1, 11, 1.75, 12], "texture": "#0", "cullface": "north"},
				"west": {"uv": [1, 11, 1.75, 12], "texture": "#0", "cullface": "north"},
				"up": {"uv": [1, 11, 2, 11.75], "texture": "#0", "cullface": "north"},
				"down": {"uv": [1, 11, 2, 11.75], "texture": "#0", "cullface": "north"}
			}
		},
		{
			"from": [2, 4, -0.75],
			"to": [4, 5, 0],
			"faces": {
				"north": {"uv": [12, 11, 14, 12], "texture": "#0", "cullface": "north"},
				"east": {"uv": [12, 11, 12.75, 12], "texture": "#0", "cullface": "north"},
				"west": {"uv": [13, 11, 13.75, 12], "texture": "#0", "cullface": "north"},
				"up": {"uv": [14, 11, 12, 11.75], "texture": "#0", "cullface": "north"},
				"down": {"uv": [14, 11, 12, 11.75], "texture": "#0", "cullface": "north"}
			}
		},
		{
			"from": [2, 5, -0.75],
			"to": [3, 6, 0],
			"faces": {
				"north": {"uv": [13, 10, 14, 11], "texture": "#0", "cullface": "north"},
				"east": {"uv": [13, 10, 13.75, 11], "texture": "#0", "cullface": "north"},
				"west": {"uv": [13, 10, 13.75, 11], "texture": "#0", "cullface": "north"},
				"up": {"uv": [13, 10, 14, 10.75], "texture": "#0", "cullface": "north"}
			}
		},
		{
			"from": [11, 6, -0.75],
			"to": [13, 7, 0],
			"faces": {
				"north": {"uv": [3, 9, 5, 10], "texture": "#0", "cullface": "north"},
				"east": {"uv": [3, 9, 3.75, 10], "texture": "#0", "cullface": "north"},
				"west": {"uv": [4, 9, 4.75, 10], "texture": "#0", "cullface": "north"},
				"up": {"uv": [5, 9, 3, 9.75], "texture": "#0", "cullface": "north"},
				"down": {"uv": [5, 9, 3, 9.75], "texture": "#0", "cullface": "north"}
			}
		},
		{
			"from": [11, 5, -0.75],
			"to": [12, 6, 0],
			"faces": {
				"north": {"uv": [4, 10, 5, 11], "texture": "#0", "cullface": "north"},
				"east": {"uv": [4, 10, 4.75, 11], "texture": "#0", "cullface": "north"},
				"west": {"uv": [4, 10, 4.75, 11], "texture": "#0", "cullface": "north"},
				"down": {"uv": [4, 10, 5, 10.75], "texture": "#0", "cullface": "north"}
			}
		},
		{
			"from": [8, 7, -0.75],
			"to": [9, 8, 0],
			"faces": {
				"north": {"uv": [7, 8, 8, 9], "texture": "#0", "cullface": "north"},
				"east": {"uv": [7, 8, 7.75, 9], "texture": "#0", "cullface": "north"},
				"west": {"uv": [7, 8, 7.75, 9], "texture": "#0", "cullface": "north"},
				"up": {"uv": [7, 8, 8, 8.75], "texture": "#0", "cullface": "north"},
				"down": {"uv": [7, 8, 8, 8.75], "texture": "#0", "cullface": "north"}
			}
		},
		{
			"from": [6, 8, -0.75],
			"to": [8, 9, 0],
			"faces": {
				"north": {"uv": [8, 7, 10, 8], "texture": "#0", "cullface": "north"},
				"east": {"uv": [8, 7, 8.75, 8], "texture": "#0", "cullface": "north"},
				"west": {"uv": [9, 7, 9.75, 8], "texture": "#0", "cullface": "north"},
				"up": {"uv": [10, 7, 8, 7.75], "texture": "#0", "cullface": "north"},
				"down": {"uv": [10, 7, 8, 7.75], "texture": "#0", "cullface": "north"}
			}
		},
		{
			"from": [3, 8, -0.75],
			"to": [5, 10, 0],
			"faces": {
				"north": {"uv": [11, 6, 13, 8], "texture": "#0", "cullface": "north"},
				"east": {"uv": [11, 6, 11.75, 8], "texture": "#0", "cullface": "north"},
				"west": {"uv": [12, 6, 12.75, 8], "texture": "#0", "cullface": "north"},
				"up": {"uv": [13, 6, 11, 6.75], "texture": "#0", "cullface": "north"},
				"down": {"uv": [13, 7, 11, 7.75], "texture": "#0", "cullface": "north"}
			}
		},
		{
			"from": [4, 10, -0.75],
			"to": [5, 11, 0],
			"faces": {
				"north": {"uv": [11, 5, 12, 6], "texture": "#0", "cullface": "north"},
				"east": {"uv": [11, 5, 11.75, 6], "texture": "#0", "cullface": "north"},
				"west": {"uv": [11, 5, 11.75, 6], "texture": "#0", "cullface": "north"},
				"up": {"uv": [11, 5, 12, 5.75], "texture": "#0", "cullface": "north"}
			}
		},
		{
			"from": [4, 12, -0.75],
			"to": [6, 13, 0],
			"faces": {
				"north": {"uv": [10, 3, 12, 4], "texture": "#0", "cullface": "north"},
				"east": {"uv": [10, 3, 10.75, 4], "texture": "#0", "cullface": "north"},
				"west": {"uv": [11, 3, 11.75, 4], "texture": "#0", "cullface": "north"},
				"up": {"uv": [12, 3, 10, 3.75], "texture": "#0", "cullface": "north"},
				"down": {"uv": [12, 3, 10, 3.75], "texture": "#0", "cullface": "north"}
			}
		},
		{
			"from": [11, 10, -0.75],
			"to": [12, 11, 0],
			"faces": {
				"north": {"uv": [5, 5, 4, 6], "texture": "#0", "cullface": "north"},
				"east": {"uv": [4.75, 5, 4, 6], "texture": "#0", "cullface": "north"},
				"west": {"uv": [4.75, 5, 4, 6], "texture": "#0", "cullface": "north"},
				"down": {"uv": [5, 5, 4, 5.75], "texture": "#0", "cullface": "north"}
			}
		},
		{
			"from": [11, 11, -0.75],
			"to": [13, 13, 0],
			"faces": {
				"north": {"uv": [5, 3, 3, 5], "texture": "#0", "cullface": "north"},
				"east": {"uv": [3.75, 3, 3, 5], "texture": "#0", "cullface": "north"},
				"west": {"uv": [4.75, 3, 4, 5], "texture": "#0", "cullface": "north"},
				"up": {"uv": [3, 3, 5, 3.75], "texture": "#0", "cullface": "north"},
				"down": {"uv": [3, 4, 5, 4.75], "texture": "#0", "cullface": "north"}
			}
		},
		{
			"from": [11, 13, -0.75],
			"to": [12, 14, 0],
			"faces": {
				"north": {"uv": [4, 2, 5, 3], "texture": "#0", "cullface": "north"},
				"east": {"uv": [4, 2, 4.75, 3], "texture": "#0", "cullface": "north"},
				"up": {"uv": [4, 2, 5, 2.75], "texture": "#0", "cullface": "north"}
			}
		},
		{
			"from": [10, 12, -0.75],
			"to": [11, 14, 0],
			"faces": {
				"north": {"uv": [5, 2, 6, 4], "texture": "#0", "cullface": "north"},
				"west": {"uv": [5, 2, 5.75, 4], "texture": "#0", "cullface": "north"},
				"up": {"uv": [5, 2, 6, 2.75], "texture": "#0", "cullface": "north"},
				"down": {"uv": [5, 3, 6, 3.75], "texture": "#0", "cullface": "north"}
			}
		},
		{
			"from": [5, 13, -0.75],
			"to": [6, 14, 0],
			"faces": {
				"north": {"uv": [11, 2, 10, 3], "texture": "#0", "cullface": "north"},
				"east": {"uv": [10.75, 2, 10, 3], "texture": "#0", "cullface": "north"},
				"west": {"uv": [10.75, 2, 10, 3], "texture": "#0", "cullface": "north"},
				"up": {"uv": [11, 2, 10, 2.75], "texture": "#0", "cullface": "north"}
			}
		},
		{
			"from": [7, 2, -0.75],
			"to": [9, 4, 0],
			"faces": {
				"north": {"uv": [7, 12, 9, 14], "texture": "#0", "cullface": "north"},
				"east": {"uv": [7, 12, 7.75, 14], "texture": "#0", "cullface": "north"},
				"west": {"uv": [8, 12, 8.75, 14], "texture": "#0", "cullface": "north"},
				"up": {"uv": [9, 12, 7, 12.75], "texture": "#0", "cullface": "north"},
				"down": {"uv": [9, 13, 7, 13.75], "texture": "#0", "cullface": "north"}
			}
		},
		{
			"from": [5, 16, 2],
			"to": [6, 16.75, 4],
			"rotation": {"angle": 0, "axis": "y", "origin": [16, 0, 16]},
			"faces": {
				"north": {"uv": [5, 2, 6, 2.75], "texture": "#0", "cullface": "up"},
				"east": {"uv": [5, 2, 5.75, 4], "rotation": 90, "texture": "#0", "cullface": "up"},
				"south": {"uv": [5, 3, 6, 3.75], "rotation": 180, "texture": "#0", "cullface": "up"},
				"up": {"uv": [5, 2, 6, 4], "texture": "#0", "cullface": "up"}
			}
		},
		{
			"from": [3, 16, 3],
			"to": [5, 16.75, 5],
			"rotation": {"angle": 0, "axis": "y", "origin": [16, 0, 16]},
			"faces": {
				"north": {"uv": [3, 3, 5, 3.75], "texture": "#0", "cullface": "up"},
				"east": {"uv": [4.75, 3, 4, 5], "rotation": 90, "texture": "#0", "cullface": "up"},
				"south": {"uv": [3, 4, 5, 4.75], "rotation": 180, "texture": "#0", "cullface": "up"},
				"west": {"uv": [3.75, 3, 3, 5], "rotation": 270, "texture": "#0", "cullface": "up"},
				"up": {"uv": [5, 3, 3, 5], "texture": "#0", "cullface": "up"}
			}
		},
		{
			"from": [4, 16, 2],
			"to": [5, 16.75, 3],
			"rotation": {"angle": 0, "axis": "y", "origin": [16, 0, 16]},
			"faces": {
				"north": {"uv": [4, 2, 5, 2.75], "texture": "#0", "cullface": "up"},
				"west": {"uv": [4, 2, 4.75, 3], "rotation": 270, "texture": "#0", "cullface": "up"},
				"up": {"uv": [4, 2, 5, 3], "texture": "#0", "cullface": "up"}
			}
		},
		{
			"from": [10, 16, 2],
			"to": [11, 16.75, 3],
			"rotation": {"angle": 0, "axis": "y", "origin": [16, 0, 16]},
			"faces": {
				"north": {"uv": [11, 2, 10, 2.75], "texture": "#0", "cullface": "up"},
				"east": {"uv": [10.75, 2, 10, 3], "rotation": 90, "texture": "#0", "cullface": "up"},
				"west": {"uv": [10.75, 2, 10, 3], "rotation": 270, "texture": "#0", "cullface": "up"},
				"up": {"uv": [11, 2, 10, 3], "texture": "#0", "cullface": "up"}
			}
		},
		{
			"from": [10, 16, 3],
			"to": [12, 16.75, 4],
			"rotation": {"angle": 0, "axis": "y", "origin": [16, 0, 16]},
			"faces": {
				"north": {"uv": [12, 3, 10, 3.75], "texture": "#0", "cullface": "up"},
				"east": {"uv": [11, 3, 11.75, 4], "rotation": 90, "texture": "#0", "cullface": "up"},
				"south": {"uv": [12, 3, 10, 3.75], "rotation": 180, "texture": "#0", "cullface": "up"},
				"west": {"uv": [10, 3, 10.75, 4], "rotation": 270, "texture": "#0", "cullface": "up"},
				"up": {"uv": [10, 3, 12, 4], "texture": "#0", "cullface": "up"}
			}
		},
		{
			"from": [11, 16, 6],
			"to": [13, 16.75, 8],
			"rotation": {"angle": 0, "axis": "y", "origin": [16, 0, 16]},
			"faces": {
				"north": {"uv": [13, 6, 11, 6.75], "texture": "#0", "cullface": "up"},
				"east": {"uv": [12, 6, 12.75, 8], "rotation": 90, "texture": "#0", "cullface": "up"},
				"south": {"uv": [13, 7, 11, 7.75], "rotation": 180, "texture": "#0", "cullface": "up"},
				"west": {"uv": [11, 6, 11.75, 8], "rotation": 270, "texture": "#0", "cullface": "up"},
				"up": {"uv": [11, 6, 13, 8], "texture": "#0", "cullface": "up"}
			}
		},
		{
			"from": [11, 16, 5],
			"to": [12, 16.75, 6],
			"rotation": {"angle": 0, "axis": "y", "origin": [16, 0, 16]},
			"faces": {
				"north": {"uv": [11, 5, 12, 5.75], "texture": "#0", "cullface": "up"},
				"east": {"uv": [11, 5, 11.75, 6], "rotation": 90, "texture": "#0", "cullface": "up"},
				"west": {"uv": [11, 5, 11.75, 6], "rotation": 270, "texture": "#0", "cullface": "up"},
				"up": {"uv": [11, 5, 12, 6], "texture": "#0", "cullface": "up"}
			}
		},
		{
			"from": [13, 16, 10],
			"to": [14, 16.75, 11],
			"rotation": {"angle": 0, "axis": "y", "origin": [16, 0, 16]},
			"faces": {
				"north": {"uv": [13, 10, 14, 10.75], "texture": "#0", "cullface": "up"},
				"east": {"uv": [13, 10, 13.75, 11], "rotation": 90, "texture": "#0", "cullface": "up"},
				"west": {"uv": [13, 10, 13.75, 11], "rotation": 270, "texture": "#0", "cullface": "up"},
				"up": {"uv": [13, 10, 14, 11], "texture": "#0", "cullface": "up"}
			}
		},
		{
			"from": [12, 16, 11],
			"to": [14, 16.75, 12],
			"rotation": {"angle": 0, "axis": "y", "origin": [16, 0, 16]},
			"faces": {
				"north": {"uv": [14, 11, 12, 11.75], "texture": "#0", "cullface": "up"},
				"east": {"uv": [13, 11, 13.75, 12], "rotation": 90, "texture": "#0", "cullface": "up"},
				"south": {"uv": [14, 11, 12, 11.75], "rotation": 180, "texture": "#0", "cullface": "up"},
				"west": {"uv": [12, 11, 12.75, 12], "rotation": 270, "texture": "#0", "cullface": "up"},
				"up": {"uv": [12, 11, 14, 12], "texture": "#0", "cullface": "up"}
			}
		},
		{
			"from": [7, 16, 12],
			"to": [9, 16.75, 14],
			"rotation": {"angle": 0, "axis": "y", "origin": [16, 0, 16]},
			"faces": {
				"north": {"uv": [9, 12, 7, 12.75], "texture": "#0", "cullface": "up"},
				"east": {"uv": [8, 12, 8.75, 14], "rotation": 90, "texture": "#0", "cullface": "up"},
				"south": {"uv": [9, 13, 7, 13.75], "rotation": 180, "texture": "#0", "cullface": "up"},
				"west": {"uv": [7, 12, 7.75, 14], "rotation": 270, "texture": "#0", "cullface": "up"},
				"up": {"uv": [7, 12, 9, 14], "texture": "#0", "cullface": "up"}
			}
		},
		{
			"from": [7, 16, 11],
			"to": [8, 16.75, 12],
			"rotation": {"angle": 0, "axis": "y", "origin": [16, 0, 16]},
			"faces": {
				"north": {"uv": [7, 11, 8, 11.75], "texture": "#0", "cullface": "up"},
				"east": {"uv": [7, 11, 7.75, 12], "rotation": 90, "texture": "#0", "cullface": "up"},
				"west": {"uv": [7, 11, 7.75, 12], "rotation": 270, "texture": "#0", "cullface": "up"},
				"up": {"uv": [7, 11, 8, 12], "texture": "#0", "cullface": "up"}
			}
		},
		{
			"from": [9, 16, 13],
			"to": [10, 16.75, 15],
			"rotation": {"angle": 0, "axis": "y", "origin": [16, 0, 16]},
			"faces": {
				"north": {"uv": [9, 13, 10, 13.75], "texture": "#0", "cullface": "up"},
				"east": {"uv": [9, 13, 9.75, 15], "rotation": 90, "texture": "#0", "cullface": "up"},
				"south": {"uv": [9, 14, 10, 14.75], "rotation": 180, "texture": "#0", "cullface": "up"},
				"west": {"uv": [9, 13, 9.75, 15], "rotation": 270, "texture": "#0", "cullface": "up"},
				"up": {"uv": [9, 13, 10, 15], "texture": "#0", "cullface": "up"}
			}
		},
		{
			"from": [3, 16, 9],
			"to": [5, 16.75, 10],
			"rotation": {"angle": 0, "axis": "y", "origin": [16, 0, 16]},
			"faces": {
				"north": {"uv": [5, 9, 3, 9.75], "texture": "#0", "cullface": "up"},
				"east": {"uv": [4, 9, 4.75, 10], "rotation": 90, "texture": "#0", "cullface": "up"},
				"south": {"uv": [5, 9, 3, 9.75], "rotation": 180, "texture": "#0", "cullface": "up"},
				"west": {"uv": [3, 9, 3.75, 10], "rotation": 270, "texture": "#0", "cullface": "up"},
				"up": {"uv": [3, 9, 5, 10], "texture": "#0", "cullface": "up"}
			}
		},
		{
			"from": [4, 16, 10],
			"to": [5, 16.75, 11],
			"rotation": {"angle": 0, "axis": "y", "origin": [16, 0, 16]},
			"faces": {
				"east": {"uv": [4, 10, 4.75, 11], "rotation": 90, "texture": "#0", "cullface": "up"},
				"south": {"uv": [4, 10, 5, 10.75], "rotation": 180, "texture": "#0", "cullface": "up"},
				"west": {"uv": [4, 10, 4.75, 11], "rotation": 270, "texture": "#0", "cullface": "up"},
				"up": {"uv": [4, 10, 5, 11], "texture": "#0", "cullface": "up"}
			}
		},
		{
			"from": [1, 16, 11],
			"to": [2, 16.75, 12],
			"rotation": {"angle": 0, "axis": "y", "origin": [16, 0, 16]},
			"faces": {
				"north": {"uv": [1, 11, 2, 11.75], "texture": "#0", "cullface": "up"},
				"east": {"uv": [1, 11, 1.75, 12], "rotation": 90, "texture": "#0", "cullface": "up"},
				"south": {"uv": [1, 11, 2, 11.75], "rotation": 180, "texture": "#0", "cullface": "up"},
				"west": {"uv": [1, 11, 1.75, 12], "rotation": 270, "texture": "#0", "cullface": "up"},
				"up": {"uv": [1, 11, 2, 12], "texture": "#0", "cullface": "up"}
			}
		},
		{
			"from": [7, 16, 8],
			"to": [8, 16.75, 9],
			"rotation": {"angle": 0, "axis": "y", "origin": [16, 0, 16]},
			"faces": {
				"north": {"uv": [7, 8, 8, 8.75], "texture": "#0", "cullface": "up"},
				"east": {"uv": [7, 8, 7.75, 9], "rotation": 90, "texture": "#0", "cullface": "up"},
				"south": {"uv": [7, 8, 8, 8.75], "rotation": 180, "texture": "#0", "cullface": "up"},
				"west": {"uv": [7, 8, 7.75, 9], "rotation": 270, "texture": "#0", "cullface": "up"},
				"up": {"uv": [7, 8, 8, 9], "texture": "#0", "cullface": "up"}
			}
		},
		{
			"from": [8, 16, 7],
			"to": [10, 16.75, 8],
			"rotation": {"angle": 0, "axis": "y", "origin": [16, 0, 16]},
			"faces": {
				"north": {"uv": [10, 7, 8, 7.75], "texture": "#0", "cullface": "up"},
				"east": {"uv": [9, 7, 9.75, 8], "rotation": 90, "texture": "#0", "cullface": "up"},
				"south": {"uv": [10, 7, 8, 7.75], "rotation": 180, "texture": "#0", "cullface": "up"},
				"west": {"uv": [8, 7, 8.75, 8], "rotation": 270, "texture": "#0", "cullface": "up"},
				"up": {"uv": [8, 7, 10, 8], "texture": "#0", "cullface": "up"}
			}
		},
		{
			"from": [-0.75, 1, 9],
			"to": [0, 3, 10],
			"faces": {
				"north": {"uv": [9, 13, 9.75, 15], "texture": "#0", "cullface": "west"},
				"south": {"uv": [9, 13, 9.75, 15], "texture": "#0", "cullface": "west"},
				"west": {"uv": [9, 13, 10, 15], "texture": "#0", "cullface": "west"},
				"up": {"uv": [9, 13, 10, 13.75], "rotation": 270, "texture": "#0", "cullface": "west"},
				"down": {"uv": [9, 14, 10, 14.75], "rotation": 90, "texture": "#0", "cullface": "west"}
			}
		},
		{
			"from": [-0.75, 4, 7],
			"to": [0, 5, 8],
			"faces": {
				"north": {"uv": [7, 11, 7.75, 12], "texture": "#0", "cullface": "west"},
				"south": {"uv": [7, 11, 7.75, 12], "texture": "#0", "cullface": "west"},
				"west": {"uv": [7, 11, 8, 12], "texture": "#0", "cullface": "west"},
				"up": {"uv": [7, 11, 8, 11.75], "rotation": 270, "texture": "#0", "cullface": "west"}
			}
		},
		{
			"from": [-0.75, 2, 7],
			"to": [0, 4, 9],
			"faces": {
				"north": {"uv": [7, 12, 7.75, 14], "texture": "#0", "cullface": "west"},
				"south": {"uv": [8, 12, 8.75, 14], "texture": "#0", "cullface": "west"},
				"west": {"uv": [7, 12, 9, 14], "texture": "#0", "cullface": "west"},
				"up": {"uv": [9, 12, 7, 12.75], "rotation": 270, "texture": "#0", "cullface": "west"},
				"down": {"uv": [9, 13, 7, 13.75], "rotation": 90, "texture": "#0", "cullface": "west"}
			}
		},
		{
			"from": [-0.75, 4, 1],
			"to": [0, 5, 2],
			"faces": {
				"north": {"uv": [1, 11, 1.75, 12], "texture": "#0", "cullface": "west"},
				"south": {"uv": [1, 11, 1.75, 12], "texture": "#0", "cullface": "west"},
				"west": {"uv": [1, 11, 2, 12], "texture": "#0", "cullface": "west"},
				"up": {"uv": [1, 11, 2, 11.75], "rotation": 270, "texture": "#0", "cullface": "west"},
				"down": {"uv": [1, 11, 2, 11.75], "rotation": 90, "texture": "#0", "cullface": "west"}
			}
		},
		{
			"from": [-0.75, 4, 12],
			"to": [0, 5, 14],
			"faces": {
				"north": {"uv": [12, 11, 12.75, 12], "texture": "#0", "cullface": "west"},
				"south": {"uv": [13, 11, 13.75, 12], "texture": "#0", "cullface": "west"},
				"west": {"uv": [12, 11, 14, 12], "texture": "#0", "cullface": "west"},
				"up": {"uv": [14, 11, 12, 11.75], "rotation": 270, "texture": "#0", "cullface": "west"},
				"down": {"uv": [14, 11, 12, 11.75], "rotation": 90, "texture": "#0", "cullface": "west"}
			}
		},
		{
			"from": [-0.75, 5, 13],
			"to": [0, 6, 14],
			"faces": {
				"north": {"uv": [13, 10, 13.75, 11], "texture": "#0", "cullface": "west"},
				"south": {"uv": [13, 10, 13.75, 11], "texture": "#0", "cullface": "west"},
				"west": {"uv": [13, 10, 14, 11], "texture": "#0", "cullface": "west"},
				"up": {"uv": [13, 10, 14, 10.75], "rotation": 270, "texture": "#0", "cullface": "west"}
			}
		},
		{
			"from": [-0.75, 6, 3],
			"to": [0, 7, 5],
			"faces": {
				"north": {"uv": [3, 9, 3.75, 10], "texture": "#0", "cullface": "west"},
				"south": {"uv": [4, 9, 4.75, 10], "texture": "#0", "cullface": "west"},
				"west": {"uv": [3, 9, 5, 10], "texture": "#0", "cullface": "west"},
				"up": {"uv": [5, 9, 3, 9.75], "rotation": 270, "texture": "#0", "cullface": "west"},
				"down": {"uv": [5, 9, 3, 9.75], "rotation": 90, "texture": "#0", "cullface": "west"}
			}
		},
		{
			"from": [-0.75, 5, 4],
			"to": [0, 6, 5],
			"faces": {
				"north": {"uv": [4, 10, 4.75, 11], "texture": "#0", "cullface": "west"},
				"south": {"uv": [4, 10, 4.75, 11], "texture": "#0", "cullface": "west"},
				"west": {"uv": [4, 10, 5, 11], "texture": "#0", "cullface": "west"},
				"down": {"uv": [4, 10, 5, 10.75], "rotation": 90, "texture": "#0", "cullface": "west"}
			}
		},
		{
			"from": [-0.75, 7, 7],
			"to": [0, 8, 8],
			"faces": {
				"north": {"uv": [7, 8, 7.75, 9], "texture": "#0", "cullface": "west"},
				"south": {"uv": [7, 8, 7.75, 9], "texture": "#0", "cullface": "west"},
				"west": {"uv": [7, 8, 8, 9], "texture": "#0", "cullface": "west"},
				"up": {"uv": [7, 8, 8, 8.75], "rotation": 270, "texture": "#0", "cullface": "west"},
				"down": {"uv": [7, 8, 8, 8.75], "rotation": 90, "texture": "#0", "cullface": "west"}
			}
		},
		{
			"from": [-0.75, 8, 8],
			"to": [0, 9, 10],
			"faces": {
				"north": {"uv": [8, 7, 8.75, 8], "texture": "#0", "cullface": "west"},
				"south": {"uv": [9, 7, 9.75, 8], "texture": "#0", "cullface": "west"},
				"west": {"uv": [8, 7, 10, 8], "texture": "#0", "cullface": "west"},
				"up": {"uv": [10, 7, 8, 7.75], "rotation": 270, "texture": "#0", "cullface": "west"},
				"down": {"uv": [10, 7, 8, 7.75], "rotation": 90, "texture": "#0", "cullface": "west"}
			}
		},
		{
			"from": [-0.75, 8, 11],
			"to": [0, 10, 13],
			"faces": {
				"north": {"uv": [11, 6, 11.75, 8], "texture": "#0", "cullface": "west"},
				"south": {"uv": [12, 6, 12.75, 8], "texture": "#0", "cullface": "west"},
				"west": {"uv": [11, 6, 13, 8], "texture": "#0", "cullface": "west"},
				"up": {"uv": [13, 6, 11, 6.75], "rotation": 270, "texture": "#0", "cullface": "west"},
				"down": {"uv": [13, 7, 11, 7.75], "rotation": 90, "texture": "#0", "cullface": "west"}
			}
		},
		{
			"from": [-0.75, 10, 11],
			"to": [0, 11, 12],
			"faces": {
				"north": {"uv": [11, 5, 11.75, 6], "texture": "#0", "cullface": "west"},
				"south": {"uv": [11, 5, 11.75, 6], "texture": "#0", "cullface": "west"},
				"west": {"uv": [11, 5, 12, 6], "texture": "#0", "cullface": "west"},
				"up": {"uv": [11, 5, 12, 5.75], "rotation": 270, "texture": "#0", "cullface": "west"}
			}
		},
		{
			"from": [-0.75, 12, 10],
			"to": [0, 13, 12],
			"faces": {
				"north": {"uv": [10, 3, 10.75, 4], "texture": "#0", "cullface": "west"},
				"south": {"uv": [11, 3, 11.75, 4], "texture": "#0", "cullface": "west"},
				"west": {"uv": [10, 3, 12, 4], "texture": "#0", "cullface": "west"},
				"up": {"uv": [12, 3, 10, 3.75], "rotation": 270, "texture": "#0", "cullface": "west"},
				"down": {"uv": [12, 3, 10, 3.75], "rotation": 90, "texture": "#0", "cullface": "west"}
			}
		},
		{
			"from": [-0.75, 10, 4],
			"to": [0, 11, 5],
			"faces": {
				"north": {"uv": [4.75, 5, 4, 6], "texture": "#0", "cullface": "west"},
				"south": {"uv": [4.75, 5, 4, 6], "texture": "#0", "cullface": "west"},
				"west": {"uv": [5, 5, 4, 6], "texture": "#0", "cullface": "west"},
				"down": {"uv": [5, 5, 4, 5.75], "rotation": 90, "texture": "#0", "cullface": "west"}
			}
		},
		{
			"from": [-0.75, 13, 10],
			"to": [0, 14, 11],
			"faces": {
				"north": {"uv": [10.75, 2, 10, 3], "texture": "#0", "cullface": "west"},
				"south": {"uv": [10.75, 2, 10, 3], "texture": "#0", "cullface": "west"},
				"west": {"uv": [11, 2, 10, 3], "texture": "#0", "cullface": "west"},
				"up": {"uv": [11, 2, 10, 2.75], "rotation": 270, "texture": "#0", "cullface": "west"}
			}
		},
		{
			"from": [-0.75, 11, 3],
			"to": [0, 13, 5],
			"faces": {
				"north": {"uv": [3.75, 3, 3, 5], "texture": "#0", "cullface": "west"},
				"south": {"uv": [4.75, 3, 4, 5], "texture": "#0", "cullface": "west"},
				"west": {"uv": [5, 3, 3, 5], "texture": "#0", "cullface": "west"},
				"up": {"uv": [3, 3, 5, 3.75], "rotation": 270, "texture": "#0", "cullface": "west"},
				"down": {"uv": [3, 4, 5, 4.75], "rotation": 90, "texture": "#0", "cullface": "west"}
			}
		},
		{
			"from": [-0.75, 13, 4],
			"to": [0, 14, 5],
			"faces": {
				"north": {"uv": [4, 2, 4.75, 3], "texture": "#0", "cullface": "west"},
				"west": {"uv": [4, 2, 5, 3], "texture": "#0", "cullface": "west"},
				"up": {"uv": [4, 2, 5, 2.75], "rotation": 270, "texture": "#0", "cullface": "west"}
			}
		},
		{
			"from": [-0.75, 12, 5],
			"to": [0, 14, 6],
			"faces": {
				"south": {"uv": [5, 2, 5.75, 4], "texture": "#0", "cullface": "west"},
				"west": {"uv": [5, 2, 6, 4], "texture": "#0", "cullface": "west"},
				"up": {"uv": [5, 2, 6, 2.75], "rotation": 270, "texture": "#0", "cullface": "west"},
				"down": {"uv": [5, 3, 6, 3.75], "rotation": 90, "texture": "#0", "cullface": "west"}
			}
		},
		{
			"from": [9, 1, 16],
			"to": [10, 3, 16.75],
			"faces": {
				"east": {"uv": [9, 13, 9.75, 15], "texture": "#0", "cullface": "south"},
				"south": {"uv": [9, 13, 10, 15], "texture": "#0", "cullface": "south"},
				"west": {"uv": [9, 13, 9.75, 15], "texture": "#0", "cullface": "south"},
				"up": {"uv": [9, 13, 10, 13.75], "rotation": 180, "texture": "#0", "cullface": "south"},
				"down": {"uv": [9, 14, 10, 14.75], "rotation": 180, "texture": "#0", "cullface": "south"}
			}
		},
		{
			"from": [7, 4, 16],
			"to": [8, 5, 16.75],
			"faces": {
				"east": {"uv": [7, 11, 7.75, 12], "texture": "#0", "cullface": "south"},
				"south": {"uv": [7, 11, 8, 12], "texture": "#0", "cullface": "south"},
				"west": {"uv": [7, 11, 7.75, 12], "texture": "#0", "cullface": "south"},
				"up": {"uv": [7, 11, 8, 11.75], "rotation": 180, "texture": "#0", "cullface": "south"}
			}
		},
		{
			"from": [7, 2, 16],
			"to": [9, 4, 16.75],
			"faces": {
				"east": {"uv": [8, 12, 8.75, 14], "texture": "#0", "cullface": "south"},
				"south": {"uv": [7, 12, 9, 14], "texture": "#0", "cullface": "south"},
				"west": {"uv": [7, 12, 7.75, 14], "texture": "#0", "cullface": "south"},
				"up": {"uv": [9, 12, 7, 12.75], "rotation": 180, "texture": "#0", "cullface": "south"},
				"down": {"uv": [9, 13, 7, 13.75], "rotation": 180, "texture": "#0", "cullface": "south"}
			}
		},
		{
			"from": [1, 4, 16],
			"to": [2, 5, 16.75],
			"faces": {
				"east": {"uv": [1, 11, 1.75, 12], "texture": "#0", "cullface": "south"},
				"south": {"uv": [1, 11, 2, 12], "texture": "#0", "cullface": "south"},
				"west": {"uv": [1, 11, 1.75, 12], "texture": "#0", "cullface": "south"},
				"up": {"uv": [1, 11, 2, 11.75], "rotation": 180, "texture": "#0", "cullface": "south"},
				"down": {"uv": [1, 11, 2, 11.75], "rotation": 180, "texture": "#0", "cullface": "south"}
			}
		},
		{
			"from": [12, 4, 16],
			"to": [14, 5, 16.75],
			"faces": {
				"east": {"uv": [13, 11, 13.75, 12], "texture": "#0", "cullface": "south"},
				"south": {"uv": [12, 11, 14, 12], "texture": "#0", "cullface": "south"},
				"west": {"uv": [12, 11, 12.75, 12], "texture": "#0", "cullface": "south"},
				"up": {"uv": [14, 11, 12, 11.75], "rotation": 180, "texture": "#0", "cullface": "south"},
				"down": {"uv": [14, 11, 12, 11.75], "rotation": 180, "texture": "#0", "cullface": "south"}
			}
		},
		{
			"from": [13, 5, 16],
			"to": [14, 6, 16.75],
			"faces": {
				"east": {"uv": [13, 10, 13.75, 11], "texture": "#0", "cullface": "south"},
				"south": {"uv": [13, 10, 14, 11], "texture": "#0", "cullface": "south"},
				"west": {"uv": [13, 10, 13.75, 11], "texture": "#0", "cullface": "south"},
				"up": {"uv": [13, 10, 14, 10.75], "rotation": 180, "texture": "#0", "cullface": "south"}
			}
		},
		{
			"from": [3, 6, 16],
			"to": [5, 7, 16.75],
			"faces": {
				"east": {"uv": [4, 9, 4.75, 10], "texture": "#0", "cullface": "south"},
				"south": {"uv": [3, 9, 5, 10], "texture": "#0", "cullface": "south"},
				"west": {"uv": [3, 9, 3.75, 10], "texture": "#0", "cullface": "south"},
				"up": {"uv": [5, 9, 3, 9.75], "rotation": 180, "texture": "#0", "cullface": "south"},
				"down": {"uv": [5, 9, 3, 9.75], "rotation": 180, "texture": "#0", "cullface": "south"}
			}
		},
		{
			"from": [4, 5, 16],
			"to": [5, 6, 16.75],
			"faces": {
				"east": {"uv": [4, 10, 4.75, 11], "texture": "#0", "cullface": "south"},
				"south": {"uv": [4, 10, 5, 11], "texture": "#0", "cullface": "south"},
				"west": {"uv": [4, 10, 4.75, 11], "texture": "#0", "cullface": "south"},
				"down": {"uv": [4, 10, 5, 10.75], "rotation": 180, "texture": "#0", "cullface": "south"}
			}
		},
		{
			"from": [7, 7, 16],
			"to": [8, 8, 16.75],
			"faces": {
				"east": {"uv": [7, 8, 7.75, 9], "texture": "#0", "cullface": "south"},
				"south": {"uv": [7, 8, 8, 9], "texture": "#0", "cullface": "south"},
				"west": {"uv": [7, 8, 7.75, 9], "texture": "#0", "cullface": "south"},
				"up": {"uv": [7, 8, 8, 8.75], "rotation": 180, "texture": "#0", "cullface": "south"},
				"down": {"uv": [7, 8, 8, 8.75], "rotation": 180, "texture": "#0", "cullface": "south"}
			}
		},
		{
			"from": [8, 8, 16],
			"to": [10, 9, 16.75],
			"faces": {
				"east": {"uv": [9, 7, 9.75, 8], "texture": "#0", "cullface": "south"},
				"south": {"uv": [8, 7, 10, 8], "texture": "#0", "cullface": "south"},
				"west": {"uv": [8, 7, 8.75, 8], "texture": "#0", "cullface": "south"},
				"up": {"uv": [10, 7, 8, 7.75], "rotation": 180, "texture": "#0", "cullface": "south"},
				"down": {"uv": [10, 7, 8, 7.75], "rotation": 180, "texture": "#0", "cullface": "south"}
			}
		},
		{
			"from": [11, 8, 16],
			"to": [13, 10, 16.75],
			"faces": {
				"east": {"uv": [12, 6, 12.75, 8], "texture": "#0", "cullface": "south"},
				"south": {"uv": [11, 6, 13, 8], "texture": "#0", "cullface": "south"},
				"west": {"uv": [11, 6, 11.75, 8], "texture": "#0", "cullface": "south"},
				"up": {"uv": [13, 6, 11, 6.75], "rotation": 180, "texture": "#0", "cullface": "south"},
				"down": {"uv": [13, 7, 11, 7.75], "rotation": 180, "texture": "#0", "cullface": "south"}
			}
		},
		{
			"from": [11, 10, 16],
			"to": [12, 11, 16.75],
			"faces": {
				"east": {"uv": [11, 5, 11.75, 6], "texture": "#0", "cullface": "south"},
				"south": {"uv": [11, 5, 12, 6], "texture": "#0", "cullface": "south"},
				"west": {"uv": [11, 5, 11.75, 6], "texture": "#0", "cullface": "south"},
				"up": {"uv": [11, 5, 12, 5.75], "rotation": 180, "texture": "#0", "cullface": "south"}
			}
		},
		{
			"from": [10, 12, 16],
			"to": [12, 13, 16.75],
			"faces": {
				"east": {"uv": [11, 3, 11.75, 4], "texture": "#0", "cullface": "south"},
				"south": {"uv": [10, 3, 12, 4], "texture": "#0", "cullface": "south"},
				"west": {"uv": [10, 3, 10.75, 4], "texture": "#0", "cullface": "south"},
				"up": {"uv": [12, 3, 10, 3.75], "rotation": 180, "texture": "#0", "cullface": "south"},
				"down": {"uv": [12, 3, 10, 3.75], "rotation": 180, "texture": "#0", "cullface": "south"}
			}
		},
		{
			"from": [4, 10, 16],
			"to": [5, 11, 16.75],
			"faces": {
				"east": {"uv": [4.75, 5, 4, 6], "texture": "#0", "cullface": "south"},
				"south": {"uv": [5, 5, 4, 6], "texture": "#0", "cullface": "south"},
				"west": {"uv": [4.75, 5, 4, 6], "texture": "#0", "cullface": "south"},
				"down": {"uv": [5, 5, 4, 5.75], "rotation": 180, "texture": "#0", "cullface": "south"}
			}
		},
		{
			"from": [10, 13, 16],
			"to": [11, 14, 16.75],
			"faces": {
				"east": {"uv": [10.75, 2, 10, 3], "texture": "#0", "cullface": "south"},
				"south": {"uv": [11, 2, 10, 3], "texture": "#0", "cullface": "south"},
				"west": {"uv": [10.75, 2, 10, 3], "texture": "#0", "cullface": "south"},
				"up": {"uv": [11, 2, 10, 2.75], "rotation": 180, "texture": "#0", "cullface": "south"}
			}
		},
		{
			"from": [3, 11, 16],
			"to": [5, 13, 16.75],
			"faces": {
				"east": {"uv": [4.75, 3, 4, 5], "texture": "#0", "cullface": "south"},
				"south": {"uv": [5, 3, 3, 5], "texture": "#0", "cullface": "south"},
				"west": {"uv": [3.75, 3, 3, 5], "texture": "#0", "cullface": "south"},
				"up": {"uv": [3, 3, 5, 3.75], "rotation": 180, "texture": "#0", "cullface": "south"},
				"down": {"uv": [3, 4, 5, 4.75], "rotation": 180, "texture": "#0", "cullface": "south"}
			}
		},
		{
			"from": [4, 13, 16],
			"to": [5, 14, 16.75],
			"faces": {
				"south": {"uv": [4, 2, 5, 3], "texture": "#0", "cullface": "south"},
				"west": {"uv": [4, 2, 4.75, 3], "texture": "#0", "cullface": "south"},
				"up": {"uv": [4, 2, 5, 2.75], "rotation": 180, "texture": "#0", "cullface": "south"}
			}
		},
		{
			"from": [5, 12, 16],
			"to": [6, 14, 16.75],
			"faces": {
				"east": {"uv": [5, 2, 5.75, 4], "texture": "#0", "cullface": "south"},
				"south": {"uv": [5, 2, 6, 4], "texture": "#0", "cullface": "south"},
				"up": {"uv": [5, 2, 6, 2.75], "rotation": 180, "texture": "#0", "cullface": "south"},
				"down": {"uv": [5, 3, 6, 3.75], "rotation": 180, "texture": "#0", "cullface": "south"}
			}
		},
		{
			"from": [10, -0.75, 12],
			"to": [12, 0, 13],
			"rotation": {"angle": 0, "axis": "x", "origin": [7.86111, 18.625, 20.13889]},
			"faces": {
				"north": {"uv": [12, 3, 10, 3.75], "texture": "#0", "cullface": "down"},
				"east": {"uv": [11, 3, 11.75, 4], "rotation": 270, "texture": "#0", "cullface": "down"},
				"south": {"uv": [12, 3, 10, 3.75], "rotation": 180, "texture": "#0", "cullface": "down"},
				"west": {"uv": [10, 3, 10.75, 4], "rotation": 90, "texture": "#0", "cullface": "down"},
				"down": {"uv": [10, 3, 12, 4], "texture": "#0", "cullface": "down"}
			}
		},
		{
			"from": [3, -0.75, 11],
			"to": [5, 0, 13],
			"rotation": {"angle": 0, "axis": "x", "origin": [7.86111, 18.625, 20.13889]},
			"faces": {
				"north": {"uv": [3, 4, 5, 4.75], "texture": "#0", "cullface": "down"},
				"east": {"uv": [4.75, 3, 4, 5], "rotation": 270, "texture": "#0", "cullface": "down"},
				"south": {"uv": [3, 3, 5, 3.75], "rotation": 180, "texture": "#0", "cullface": "down"},
				"west": {"uv": [3.75, 3, 3, 5], "rotation": 90, "texture": "#0", "cullface": "down"},
				"down": {"uv": [5, 3, 3, 5], "texture": "#0", "cullface": "down"}
			}
		},
		{
			"from": [4, -0.75, 10],
			"to": [5, 0, 11],
			"rotation": {"angle": 0, "axis": "x", "origin": [7.86111, 18.625, 20.13889]},
			"faces": {
				"north": {"uv": [5, 5, 4, 5.75], "texture": "#0", "cullface": "down"},
				"east": {"uv": [4.75, 5, 4, 6], "rotation": 270, "texture": "#0", "cullface": "down"},
				"west": {"uv": [4.75, 5, 4, 6], "rotation": 90, "texture": "#0", "cullface": "down"},
				"down": {"uv": [5, 5, 4, 6], "texture": "#0", "cullface": "down"}
			}
		},
		{
			"from": [5, -0.75, 12],
			"to": [6, 0, 14],
			"rotation": {"angle": 0, "axis": "x", "origin": [7.86111, 18.625, 20.13889]},
			"faces": {
				"north": {"uv": [5, 3, 6, 3.75], "texture": "#0", "cullface": "down"},
				"east": {"uv": [5, 2, 5.75, 4], "rotation": 270, "texture": "#0", "cullface": "down"},
				"south": {"uv": [5, 2, 6, 2.75], "rotation": 180, "texture": "#0", "cullface": "down"},
				"down": {"uv": [5, 2, 6, 4], "texture": "#0", "cullface": "down"}
			}
		},
		{
			"from": [1, -0.75, 4],
			"to": [2, 0, 5],
			"rotation": {"angle": 0, "axis": "x", "origin": [7.86111, 18.625, 20.13889]},
			"faces": {
				"north": {"uv": [1, 11, 2, 11.75], "texture": "#0", "cullface": "down"},
				"east": {"uv": [1, 11, 1.75, 12], "rotation": 270, "texture": "#0", "cullface": "down"},
				"south": {"uv": [1, 11, 2, 11.75], "rotation": 180, "texture": "#0", "cullface": "down"},
				"west": {"uv": [1, 11, 1.75, 12], "rotation": 90, "texture": "#0", "cullface": "down"},
				"down": {"uv": [1, 11, 2, 12], "texture": "#0", "cullface": "down"}
			}
		},
		{
			"from": [4, -0.75, 5],
			"to": [5, 0, 6],
			"rotation": {"angle": 0, "axis": "x", "origin": [7.86111, 18.625, 20.13889]},
			"faces": {
				"north": {"uv": [4, 10, 5, 10.75], "texture": "#0", "cullface": "down"},
				"east": {"uv": [4, 10, 4.75, 11], "rotation": 270, "texture": "#0", "cullface": "down"},
				"west": {"uv": [4, 10, 4.75, 11], "rotation": 90, "texture": "#0", "cullface": "down"},
				"down": {"uv": [4, 10, 5, 11], "texture": "#0", "cullface": "down"}
			}
		},
		{
			"from": [7, -0.75, 7],
			"to": [8, 0, 8],
			"rotation": {"angle": 0, "axis": "x", "origin": [7.86111, 18.625, 20.13889]},
			"faces": {
				"north": {"uv": [7, 8, 8, 8.75], "texture": "#0", "cullface": "down"},
				"east": {"uv": [7, 8, 7.75, 9], "rotation": 270, "texture": "#0", "cullface": "down"},
				"south": {"uv": [7, 8, 8, 8.75], "rotation": 180, "texture": "#0", "cullface": "down"},
				"west": {"uv": [7, 8, 7.75, 9], "rotation": 90, "texture": "#0", "cullface": "down"},
				"down": {"uv": [7, 8, 8, 9], "texture": "#0", "cullface": "down"}
			}
		},
		{
			"from": [8, -0.75, 8],
			"to": [10, 0, 9],
			"rotation": {"angle": 0, "axis": "x", "origin": [7.86111, 18.625, 20.13889]},
			"faces": {
				"north": {"uv": [10, 7, 8, 7.75], "texture": "#0", "cullface": "down"},
				"east": {"uv": [9, 7, 9.75, 8], "rotation": 270, "texture": "#0", "cullface": "down"},
				"south": {"uv": [10, 7, 8, 7.75], "rotation": 180, "texture": "#0", "cullface": "down"},
				"west": {"uv": [8, 7, 8.75, 8], "rotation": 90, "texture": "#0", "cullface": "down"},
				"down": {"uv": [8, 7, 10, 8], "texture": "#0", "cullface": "down"}
			}
		},
		{
			"from": [11, -0.75, 8],
			"to": [13, 0, 10],
			"rotation": {"angle": 0, "axis": "x", "origin": [7.86111, 18.625, 20.13889]},
			"faces": {
				"north": {"uv": [13, 7, 11, 7.75], "texture": "#0", "cullface": "down"},
				"east": {"uv": [12, 6, 12.75, 8], "rotation": 270, "texture": "#0", "cullface": "down"},
				"south": {"uv": [13, 6, 11, 6.75], "rotation": 180, "texture": "#0", "cullface": "down"},
				"west": {"uv": [11, 6, 11.75, 8], "rotation": 90, "texture": "#0", "cullface": "down"},
				"down": {"uv": [11, 6, 13, 8], "texture": "#0", "cullface": "down"}
			}
		},
		{
			"from": [7, -0.75, 2],
			"to": [9, 0, 4],
			"rotation": {"angle": 0, "axis": "x", "origin": [7.86111, 18.625, 20.13889]},
			"faces": {
				"north": {"uv": [9, 13, 7, 13.75], "texture": "#0", "cullface": "down"},
				"east": {"uv": [8, 12, 8.75, 14], "rotation": 270, "texture": "#0", "cullface": "down"},
				"south": {"uv": [9, 12, 7, 12.75], "rotation": 180, "texture": "#0", "cullface": "down"},
				"west": {"uv": [7, 12, 7.75, 14], "rotation": 90, "texture": "#0", "cullface": "down"},
				"down": {"uv": [7, 12, 9, 14], "texture": "#0", "cullface": "down"}
			}
		},
		{
			"from": [7, -0.75, 4],
			"to": [8, 0, 5],
			"rotation": {"angle": 0, "axis": "x", "origin": [7.86111, 18.625, 20.13889]},
			"faces": {
				"east": {"uv": [7, 11, 7.75, 12], "rotation": 270, "texture": "#0", "cullface": "down"},
				"south": {"uv": [7, 11, 8, 11.75], "rotation": 180, "texture": "#0", "cullface": "down"},
				"west": {"uv": [7, 11, 7.75, 12], "rotation": 90, "texture": "#0", "cullface": "down"},
				"down": {"uv": [7, 11, 8, 12], "texture": "#0", "cullface": "down"}
			}
		},
		{
			"from": [9, -0.75, 1],
			"to": [10, 0, 3],
			"rotation": {"angle": 0, "axis": "x", "origin": [7.86111, 18.625, 20.13889]},
			"faces": {
				"north": {"uv": [9, 14, 10, 14.75], "texture": "#0", "cullface": "down"},
				"east": {"uv": [9, 13, 9.75, 15], "rotation": 270, "texture": "#0", "cullface": "down"},
				"south": {"uv": [9, 13, 10, 13.75], "rotation": 180, "texture": "#0", "cullface": "down"},
				"west": {"uv": [9, 13, 9.75, 15], "rotation": 90, "texture": "#0", "cullface": "down"},
				"down": {"uv": [9, 13, 10, 15], "texture": "#0", "cullface": "down"}
			}
		},
		{
			"from": [12, -0.75, 4],
			"to": [14, 0, 5],
			"rotation": {"angle": 0, "axis": "x", "origin": [7.86111, 18.625, 20.13889]},
			"faces": {
				"north": {"uv": [14, 11, 12, 11.75], "texture": "#0", "cullface": "down"},
				"east": {"uv": [13, 11, 13.75, 12], "rotation": 270, "texture": "#0", "cullface": "down"},
				"south": {"uv": [14, 11, 12, 11.75], "rotation": 180, "texture": "#0", "cullface": "down"},
				"west": {"uv": [12, 11, 12.75, 12], "rotation": 90, "texture": "#0", "cullface": "down"},
				"down": {"uv": [12, 11, 14, 12], "texture": "#0", "cullface": "down"}
			}
		},
		{
			"from": [13, -0.75, 5],
			"to": [14, 0, 6],
			"rotation": {"angle": 0, "axis": "x", "origin": [7.86111, 18.625, 20.13889]},
			"faces": {
				"east": {"uv": [13, 10, 13.75, 11], "rotation": 270, "texture": "#0", "cullface": "down"},
				"south": {"uv": [13, 10, 14, 10.75], "rotation": 180, "texture": "#0", "cullface": "down"},
				"west": {"uv": [13, 10, 13.75, 11], "rotation": 90, "texture": "#0", "cullface": "down"},
				"down": {"uv": [13, 10, 14, 11], "texture": "#0", "cullface": "down"}
			}
		},
		{
			"from": [4, -0.75, 13],
			"to": [5, 0, 14],
			"rotation": {"angle": 0, "axis": "x", "origin": [7.86111, 18.625, 20.13889]},
			"faces": {
				"south": {"uv": [4, 2, 5, 2.75], "rotation": 180, "texture": "#0", "cullface": "down"},
				"west": {"uv": [4, 2, 4.75, 3], "rotation": 90, "texture": "#0", "cullface": "down"},
				"down": {"uv": [4, 2, 5, 3], "texture": "#0", "cullface": "down"}
			}
		},
		{
			"from": [10, -0.75, 13],
			"to": [11, 0, 14],
			"rotation": {"angle": 0, "axis": "x", "origin": [7.86111, 18.625, 20.13889]},
			"faces": {
				"east": {"uv": [10.75, 2, 10, 3], "rotation": 270, "texture": "#0", "cullface": "down"},
				"south": {"uv": [11, 2, 10, 2.75], "rotation": 180, "texture": "#0", "cullface": "down"},
				"west": {"uv": [10.75, 2, 10, 3], "rotation": 90, "texture": "#0", "cullface": "down"},
				"down": {"uv": [11, 2, 10, 3], "texture": "#0", "cullface": "down"}
			}
		},
		{
			"from": [11, -0.75, 10],
			"to": [12, 0, 11],
			"rotation": {"angle": 0, "axis": "x", "origin": [7.86111, 18.625, 20.13889]},
			"faces": {
				"east": {"uv": [11, 5, 11.75, 6], "rotation": 270, "texture": "#0", "cullface": "down"},
				"south": {"uv": [11, 5, 12, 5.75], "rotation": 180, "texture": "#0", "cullface": "down"},
				"west": {"uv": [11, 5, 11.75, 6], "rotation": 90, "texture": "#0", "cullface": "down"},
				"down": {"uv": [11, 5, 12, 6], "texture": "#0", "cullface": "down"}
			}
		},
		{
			"from": [3, -0.75, 6],
			"to": [5, 0, 7],
			"rotation": {"angle": 0, "axis": "x", "origin": [7.86111, 18.625, 20.13889]},
			"faces": {
				"north": {"uv": [5, 9, 3, 9.75], "texture": "#0", "cullface": "down"},
				"east": {"uv": [4, 9, 4.75, 10], "rotation": 270, "texture": "#0", "cullface": "down"},
				"south": {"uv": [5, 9, 3, 9.75], "rotation": 180, "texture": "#0", "cullface": "down"},
				"west": {"uv": [3, 9, 3.75, 10], "rotation": 90, "texture": "#0", "cullface": "down"},
				"down": {"uv": [3, 9, 5, 10], "texture": "#0", "cullface": "down"}
			}
		},
		{
			"from": [16, 1, 6],
			"to": [16.75, 3, 7],
			"faces": {
				"north": {"uv": [9, 13, 9.75, 15], "texture": "#0", "cullface": "east"},
				"east": {"uv": [9, 13, 10, 15], "texture": "#0", "cullface": "east"},
				"south": {"uv": [9, 13, 9.75, 15], "texture": "#0", "cullface": "east"},
				"up": {"uv": [9, 13, 10, 13.75], "rotation": 90, "texture": "#0", "cullface": "east"},
				"down": {"uv": [9, 14, 10, 14.75], "rotation": 270, "texture": "#0", "cullface": "east"}
			}
		},
		{
			"from": [16, 4, 8],
			"to": [16.75, 5, 9],
			"faces": {
				"north": {"uv": [7, 11, 7.75, 12], "texture": "#0", "cullface": "east"},
				"east": {"uv": [7, 11, 8, 12], "texture": "#0", "cullface": "east"},
				"south": {"uv": [7, 11, 7.75, 12], "texture": "#0", "cullface": "east"},
				"up": {"uv": [7, 11, 8, 11.75], "rotation": 90, "texture": "#0", "cullface": "east"}
			}
		},
		{
			"from": [16, 2, 7],
			"to": [16.75, 4, 9],
			"faces": {
				"north": {"uv": [8, 12, 8.75, 14], "texture": "#0", "cullface": "east"},
				"east": {"uv": [7, 12, 9, 14], "texture": "#0", "cullface": "east"},
				"south": {"uv": [7, 12, 7.75, 14], "texture": "#0", "cullface": "east"},
				"up": {"uv": [9, 12, 7, 12.75], "rotation": 90, "texture": "#0", "cullface": "east"},
				"down": {"uv": [9, 13, 7, 13.75], "rotation": 270, "texture": "#0", "cullface": "east"}
			}
		},
		{
			"from": [16, 4, 14],
			"to": [16.75, 5, 15],
			"faces": {
				"north": {"uv": [1, 11, 1.75, 12], "texture": "#0", "cullface": "east"},
				"east": {"uv": [1, 11, 2, 12], "texture": "#0", "cullface": "east"},
				"south": {"uv": [1, 11, 1.75, 12], "texture": "#0", "cullface": "east"},
				"up": {"uv": [1, 11, 2, 11.75], "rotation": 90, "texture": "#0", "cullface": "east"},
				"down": {"uv": [1, 11, 2, 11.75], "rotation": 270, "texture": "#0", "cullface": "east"}
			}
		},
		{
			"from": [16, 4, 2],
			"to": [16.75, 5, 4],
			"faces": {
				"north": {"uv": [13, 11, 13.75, 12], "texture": "#0", "cullface": "east"},
				"east": {"uv": [12, 11, 14, 12], "texture": "#0", "cullface": "east"},
				"south": {"uv": [12, 11, 12.75, 12], "texture": "#0", "cullface": "east"},
				"up": {"uv": [14, 11, 12, 11.75], "rotation": 90, "texture": "#0", "cullface": "east"},
				"down": {"uv": [14, 11, 12, 11.75], "rotation": 270, "texture": "#0", "cullface": "east"}
			}
		},
		{
			"from": [16, 5, 2],
			"to": [16.75, 6, 3],
			"faces": {
				"north": {"uv": [13, 10, 13.75, 11], "texture": "#0", "cullface": "east"},
				"east": {"uv": [13, 10, 14, 11], "texture": "#0", "cullface": "east"},
				"south": {"uv": [13, 10, 13.75, 11], "texture": "#0", "cullface": "east"},
				"up": {"uv": [13, 10, 14, 10.75], "rotation": 90, "texture": "#0", "cullface": "east"}
			}
		},
		{
			"from": [16, 6, 11],
			"to": [16.75, 7, 13],
			"faces": {
				"north": {"uv": [4, 9, 4.75, 10], "texture": "#0", "cullface": "east"},
				"east": {"uv": [3, 9, 5, 10], "texture": "#0", "cullface": "east"},
				"south": {"uv": [3, 9, 3.75, 10], "texture": "#0", "cullface": "east"},
				"up": {"uv": [5, 9, 3, 9.75], "rotation": 90, "texture": "#0", "cullface": "east"},
				"down": {"uv": [5, 9, 3, 9.75], "rotation": 270, "texture": "#0", "cullface": "east"}
			}
		},
		{
			"from": [16, 5, 11],
			"to": [16.75, 6, 12],
			"faces": {
				"north": {"uv": [4, 10, 4.75, 11], "texture": "#0", "cullface": "east"},
				"east": {"uv": [4, 10, 5, 11], "texture": "#0", "cullface": "east"},
				"south": {"uv": [4, 10, 4.75, 11], "texture": "#0", "cullface": "east"},
				"down": {"uv": [4, 10, 5, 10.75], "rotation": 270, "texture": "#0", "cullface": "east"}
			}
		},
		{
			"from": [16, 7, 8],
			"to": [16.75, 8, 9],
			"faces": {
				"north": {"uv": [7, 8, 7.75, 9], "texture": "#0", "cullface": "east"},
				"east": {"uv": [7, 8, 8, 9], "texture": "#0", "cullface": "east"},
				"south": {"uv": [7, 8, 7.75, 9], "texture": "#0", "cullface": "east"},
				"up": {"uv": [7, 8, 8, 8.75], "rotation": 90, "texture": "#0", "cullface": "east"},
				"down": {"uv": [7, 8, 8, 8.75], "rotation": 270, "texture": "#0", "cullface": "east"}
			}
		},
		{
			"from": [16, 8, 6],
			"to": [16.75, 9, 8],
			"faces": {
				"north": {"uv": [9, 7, 9.75, 8], "texture": "#0", "cullface": "east"},
				"east": {"uv": [8, 7, 10, 8], "texture": "#0", "cullface": "east"},
				"south": {"uv": [8, 7, 8.75, 8], "texture": "#0", "cullface": "east"},
				"up": {"uv": [10, 7, 8, 7.75], "rotation": 90, "texture": "#0", "cullface": "east"},
				"down": {"uv": [10, 7, 8, 7.75], "rotation": 270, "texture": "#0", "cullface": "east"}
			}
		},
		{
			"from": [16, 8, 3],
			"to": [16.75, 10, 5],
			"faces": {
				"north": {"uv": [12, 6, 12.75, 8], "texture": "#0", "cullface": "east"},
				"east": {"uv": [11, 6, 13, 8], "texture": "#0", "cullface": "east"},
				"south": {"uv": [11, 6, 11.75, 8], "texture": "#0", "cullface": "east"},
				"up": {"uv": [13, 6, 11, 6.75], "rotation": 90, "texture": "#0", "cullface": "east"},
				"down": {"uv": [13, 7, 11, 7.75], "rotation": 270, "texture": "#0", "cullface": "east"}
			}
		},
		{
			"from": [16, 10, 4],
			"to": [16.75, 11, 5],
			"faces": {
				"north": {"uv": [11, 5, 11.75, 6], "texture": "#0", "cullface": "east"},
				"east": {"uv": [11, 5, 12, 6], "texture": "#0", "cullface": "east"},
				"south": {"uv": [11, 5, 11.75, 6], "texture": "#0", "cullface": "east"},
				"up": {"uv": [11, 5, 12, 5.75], "rotation": 90, "texture": "#0", "cullface": "east"}
			}
		},
		{
			"from": [16, 12, 4],
			"to": [16.75, 13, 6],
			"faces": {
				"north": {"uv": [11, 3, 11.75, 4], "texture": "#0", "cullface": "east"},
				"east": {"uv": [10, 3, 12, 4], "texture": "#0", "cullface": "east"},
				"south": {"uv": [10, 3, 10.75, 4], "texture": "#0", "cullface": "east"},
				"up": {"uv": [12, 3, 10, 3.75], "rotation": 90, "texture": "#0", "cullface": "east"},
				"down": {"uv": [12, 3, 10, 3.75], "rotation": 270, "texture": "#0", "cullface": "east"}
			}
		},
		{
			"from": [16, 10, 11],
			"to": [16.75, 11, 12],
			"faces": {
				"north": {"uv": [4.75, 5, 4, 6], "texture": "#0", "cullface": "east"},
				"east": {"uv": [5, 5, 4, 6], "texture": "#0", "cullface": "east"},
				"south": {"uv": [4.75, 5, 4, 6], "texture": "#0", "cullface": "east"},
				"down": {"uv": [5, 5, 4, 5.75], "rotation": 270, "texture": "#0", "cullface": "east"}
			}
		},
		{
			"from": [16, 13, 5],
			"to": [16.75, 14, 6],
			"faces": {
				"north": {"uv": [10.75, 2, 10, 3], "texture": "#0", "cullface": "east"},
				"east": {"uv": [11, 2, 10, 3], "texture": "#0", "cullface": "east"},
				"south": {"uv": [10.75, 2, 10, 3], "texture": "#0", "cullface": "east"},
				"up": {"uv": [11, 2, 10, 2.75], "rotation": 90, "texture": "#0", "cullface": "east"}
			}
		},
		{
			"from": [16, 11, 11],
			"to": [16.75, 13, 13],
			"faces": {
				"north": {"uv": [4.75, 3, 4, 5], "texture": "#0", "cullface": "east"},
				"east": {"uv": [5, 3, 3, 5], "texture": "#0", "cullface": "east"},
				"south": {"uv": [3.75, 3, 3, 5], "texture": "#0", "cullface": "east"},
				"up": {"uv": [3, 3, 5, 3.75], "rotation": 90, "texture": "#0", "cullface": "east"},
				"down": {"uv": [3, 4, 5, 4.75], "rotation": 270, "texture": "#0", "cullface": "east"}
			}
		},
		{
			"from": [16, 13, 11],
			"to": [16.75, 14, 12],
			"faces": {
				"east": {"uv": [4, 2, 5, 3], "texture": "#0", "cullface": "east"},
				"south": {"uv": [4, 2, 4.75, 3], "texture": "#0", "cullface": "east"},
				"up": {"uv": [4, 2, 5, 2.75], "rotation": 90, "texture": "#0", "cullface": "east"}
			}
		},
		{
			"from": [16, 12, 10],
			"to": [16.75, 14, 11],
			"faces": {
				"north": {"uv": [5, 2, 5.75, 4], "texture": "#0", "cullface": "east"},
				"east": {"uv": [5, 2, 6, 4], "texture": "#0", "cullface": "east"},
				"up": {"uv": [5, 2, 6, 2.75], "rotation": 90, "texture": "#0", "cullface": "east"},
				"down": {"uv": [5, 3, 6, 3.75], "rotation": 270, "texture": "#0", "cullface": "east"}
			}
		}
	],
	"display": {
		"thirdperson_righthand": {
			"rotation": [75, 45, 0],
			"translation": [0, 2.5, 0],
			"scale": [0.375, 0.375, 0.375]
		},
		"thirdperson_lefthand": {
			"rotation": [75, 45, 0],
			"translation": [0, 2.5, 0],
			"scale": [0.375, 0.375, 0.375]
		},
		"firstperson_righthand": {
			"rotation": [0, 45, 0],
			"scale": [0.4, 0.4, 0.4]
		},
		"firstperson_lefthand": {
			"rotation": [0, 225, 0],
			"scale": [0.4, 0.4, 0.4]
		},
		"ground": {
			"translation": [0, 3, 0],
			"scale": [0.25, 0.25, 0.25]
		},
		"gui": {
			"rotation": [30, 225, 0],
			"scale": [0.625, 0.625, 0.625]
		},
		"fixed": {
			"scale": [0.5, 0.5, 0.5]
		}
	}
}