{
	"credit": "Made by N0do | GMnodo",
	"parent": "minecraft:block/cube_column",
	"textures": {
		"1": "modeltextures/warped_moshroom_block",
		"2": "modeltextures/warped_stem",
		"particle": "modeltextures/warped_moshroom_block"
	},
	"elements": [
		{
			"from": [7.25, 0, 7.25],
			"to": [8.75, 6, 8.75],
			"faces": {
				"north": {"uv": [4, 7, 5.5, 13], "texture": "#2"},
				"east": {"uv": [10, 4, 11.5, 10], "texture": "#2"},
				"south": {"uv": [0, 0, 1.5, 6], "texture": "#2"},
				"west": {"uv": [3, 5, 4.5, 11], "texture": "#2"},
				"down": {"uv": [6, 11, 7.5, 12.5], "texture": "#2", "cullface": "down"}
			}
		},
		{
			"from": [5, 6, 5],
			"to": [11, 7.5, 11],
			"faces": {
				"north": {"uv": [4, 7, 10, 8.5], "texture": "#1"},
				"east": {"uv": [3, 6, 9, 7.5], "texture": "#1"},
				"south": {"uv": [9, 7, 15, 8.5], "texture": "#1"},
				"west": {"uv": [4, 7, 10, 8.5], "texture": "#1"},
				"up": {"uv": [0, 3, 6, 9], "texture": "#1"},
				"down": {"uv": [5, 6, 11, 12], "texture": "#1"}
			}
		},
		{
			"from": [4, 2.5, 4],
			"to": [12, 6, 5],
			"faces": {
				"north": {"uv": [4, 7, 12, 10.5], "texture": "#1"},
				"east": {"uv": [13, 1, 14, 4.5], "texture": "#1"},
				"south": {"uv": [4, 8, 12, 11.5], "texture": "#1"},
				"west": {"uv": [1, 3, 2, 6.5], "texture": "#1"},
				"up": {"uv": [3, 7, 11, 8], "texture": "#1"},
				"down": {"uv": [4, 8, 12, 9], "texture": "#1"}
			}
		},
		{
			"from": [4, 2.5, 11],
			"to": [12, 6, 12],
			"faces": {
				"north": {"uv": [4, 7, 12, 10.5], "texture": "#1"},
				"east": {"uv": [0, 4, 1, 7.5], "texture": "#1"},
				"south": {"uv": [0, 8, 8, 11.5], "texture": "#1"},
				"west": {"uv": [0, 4, 1, 7.5], "texture": "#1"},
				"up": {"uv": [2, 7, 10, 8], "texture": "#1"},
				"down": {"uv": [1, 14, 9, 15], "texture": "#1"}
			}
		},
		{
			"from": [11, 2.5, 5],
			"to": [12, 6, 11],
			"faces": {
				"east": {"uv": [5, 7, 11, 10.5], "texture": "#1"},
				"west": {"uv": [6, 6, 12, 9.5], "texture": "#1"},
				"up": {"uv": [10, 9, 11, 15], "texture": "#1"},
				"down": {"uv": [14, 0, 15, 6], "texture": "#1"}
			}
		},
		{
			"from": [4, 2.5, 5],
			"to": [5, 6, 11],
			"faces": {
				"east": {"uv": [5, 6, 11, 9.5], "texture": "#1"},
				"west": {"uv": [9, 5, 15, 8.5], "texture": "#1"},
				"up": {"uv": [0, 3, 1, 9], "texture": "#1"},
				"down": {"uv": [15, 0, 16, 6], "texture": "#1"}
			}
		}
	],
	"display": {
		"thirdperson_righthand": {
			"rotation": [75, 45, 0],
			"translation": [0, 2.5, 0],
			"scale": [0.375, 0.375, 0.375]
		},
		"thirdperson_lefthand": {
			"rotation": [75, 45, 0],
			"translation": [0, 2.5, 0],
			"scale": [0.375, 0.375, 0.375]
		},
		"firstperson_righthand": {
			"rotation": [0, 45, 0],
			"scale": [0.4, 0.4, 0.4]
		},
		"firstperson_lefthand": {
			"rotation": [0, 225, 0],
			"scale": [0.4, 0.4, 0.4]
		},
		"ground": {
			"translation": [0, 3, 0],
			"scale": [0.25, 0.25, 0.25]
		},
		"gui": {
			"rotation": [30, 225, 0],
			"scale": [0.625, 0.625, 0.625]
		},
		"fixed": {
			"scale": [0.5, 0.5, 0.5]
		}
	}
}