{
	"credit": "Made by N0do | GMnodo",
	"parent": "minecraft:block/cube_column",
	"textures": {
		"2": "modeltextures/warped_stem",
		"4": "modeltextures/warped_moshroom_block",
		"particle": "modeltextures/warped_moshroom_block"
	},
	"elements": [
		{
			"from": [7, 0, 7],
			"to": [9, 8, 9],
			"faces": {
				"north": {"uv": [10, 4, 12, 12], "texture": "#2"},
				"east": {"uv": [9, 6, 11, 14], "texture": "#2"},
				"south": {"uv": [3, 2, 5, 10], "texture": "#2"},
				"west": {"uv": [6, 4, 8, 12], "texture": "#2"},
				"down": {"uv": [11, 10, 13, 12], "texture": "#2", "cullface": "down"}
			}
		},
		{
			"from": [4, 8, 4],
			"to": [12, 10, 12],
			"faces": {
				"north": {"uv": [5, 5, 13, 7], "texture": "#4"},
				"east": {"uv": [3, 9, 11, 11], "texture": "#4"},
				"south": {"uv": [1, 6, 9, 8], "texture": "#4"},
				"west": {"uv": [5, 6, 13, 8], "texture": "#4"},
				"up": {"uv": [4, 4, 12, 12], "texture": "#4"},
				"down": {"uv": [4, 4, 12, 12], "texture": "#4"}
			}
		},
		{
			"from": [3, 6, 3],
			"to": [13, 8, 5],
			"faces": {
				"north": {"uv": [5, 6, 15, 8], "texture": "#4"},
				"east": {"uv": [11, 10, 13, 12], "texture": "#4"},
				"south": {"uv": [0, 6, 10, 8], "texture": "#4"},
				"west": {"uv": [12, 2, 14, 4], "texture": "#4"},
				"up": {"uv": [0, 0, 10, 2], "texture": "#4"},
				"down": {"uv": [1, 6, 11, 8], "texture": "#4"}
			}
		},
		{
			"from": [3, 6, 11],
			"to": [13, 8, 13],
			"faces": {
				"north": {"uv": [0, 14, 10, 16], "texture": "#4"},
				"east": {"uv": [5, 5, 7, 7], "texture": "#4"},
				"south": {"uv": [5, 8, 15, 10], "texture": "#4"},
				"west": {"uv": [7, 5, 9, 7], "texture": "#4"},
				"up": {"uv": [0, 0, 10, 2], "texture": "#4"},
				"down": {"uv": [1, 7, 11, 9], "texture": "#4"}
			}
		},
		{
			"from": [11, 6, 5],
			"to": [13, 8, 11],
			"faces": {
				"east": {"uv": [5, 7, 11, 9], "texture": "#4"},
				"west": {"uv": [0, 6, 6, 8], "texture": "#4"},
				"up": {"uv": [0, 0, 2, 6], "texture": "#4"},
				"down": {"uv": [14, 0, 16, 6], "texture": "#4"}
			}
		},
		{
			"from": [3, 6, 5],
			"to": [5, 8, 11],
			"faces": {
				"east": {"uv": [9, 5, 15, 7], "texture": "#4"},
				"west": {"uv": [1, 2, 7, 4], "texture": "#4"},
				"up": {"uv": [0, 0, 2, 6], "texture": "#4"},
				"down": {"uv": [14, 0, 16, 6], "texture": "#4"}
			}
		},
		{
			"from": [2, 0, 12],
			"to": [3, 2, 13],
			"rotation": {"angle": -22.5, "axis": "y", "origin": [4.5, 1.75, 12.5]},
			"faces": {
				"north": {"uv": [9, 3, 10, 5], "texture": "#2"},
				"east": {"uv": [7, 8, 8, 10], "texture": "#2"},
				"south": {"uv": [8, 5, 9, 7], "texture": "#2"},
				"west": {"uv": [6, 6, 7, 8], "texture": "#2"},
				"down": {"uv": [6, 6, 7, 7], "texture": "#2", "cullface": "down"}
			}
		},
		{
			"from": [1, 2, 11],
			"to": [4, 3, 14],
			"rotation": {"angle": -22.5, "axis": "y", "origin": [4.5, 1.75, 12.5]},
			"faces": {
				"north": {"uv": [10, 8, 13, 9], "texture": "#4"},
				"east": {"uv": [2, 3, 5, 4], "texture": "#4"},
				"south": {"uv": [8, 3, 11, 4], "texture": "#4"},
				"west": {"uv": [3, 3, 6, 4], "texture": "#4"},
				"up": {"uv": [4, 3, 7, 6], "texture": "#4"},
				"down": {"uv": [7, 6, 10, 9], "texture": "#4"}
			}
		}
	],
	"display": {
		"thirdperson_righthand": {
			"translation": [0, 3, 1],
			"scale": [0.55, 0.55, 0.55]
		},
		"thirdperson_lefthand": {
			"translation": [0, 3, 1],
			"scale": [0.55, 0.55, 0.55]
		},
		"firstperson_righthand": {
			"rotation": [0, -90, 25],
			"translation": [1.13, 3.2, 1.13],
			"scale": [0.68, 0.68, 0.68]
		},
		"firstperson_lefthand": {
			"rotation": [0, -90, 25],
			"translation": [1.13, 3.2, 1.13],
			"scale": [0.68, 0.68, 0.68]
		},
		"ground": {
			"translation": [0, 2, 0],
			"scale": [0.5, 0.5, 0.5]
		},
		"head": {
			"rotation": [0, 180, 0],
			"translation": [0, 13, 7]
		},
		"fixed": {
			"rotation": [0, 180, 0]
		}
	}
}