{
	"credit": "Made by N0do | GMnodo",
	"textures": {
		"0": "modeltextures/ore/deepslate_emerald_ore",
		"particle": "modeltextures/ore/deepslate_emerald_ore"
	},
	"elements": [
		{
			"from": [0, 0, 0],
			"to": [16, 16, 16],
			"faces": {
				"north": {"uv": [0, 0, 16, 16], "texture": "#0", "cullface": "north"},
				"east": {"uv": [0, 0, 16, 16], "texture": "#0", "cullface": "east"},
				"south": {"uv": [0, 0, 16, 16], "texture": "#0", "cullface": "south"},
				"west": {"uv": [0, 0, 16, 16], "texture": "#0", "cullface": "west"},
				"up": {"uv": [0, 0, 16, 16], "texture": "#0", "cullface": "up"},
				"down": {"uv": [0, 0, 16, 16], "texture": "#0", "cullface": "down"}
			}
		},
		{
			"from": [8, 8, -0.75],
			"to": [12, 10, 0],
			"faces": {
				"north": {"uv": [4, 6, 8, 8], "texture": "#0", "cullface": "north"},
				"east": {"uv": [4, 6, 4.75, 8], "texture": "#0", "cullface": "north"},
				"west": {"uv": [7, 6, 7.75, 8], "texture": "#0", "cullface": "north"},
				"up": {"uv": [4, 6, 8, 6.75], "rotation": 180, "texture": "#0", "cullface": "north"},
				"down": {"uv": [4, 7, 8, 7.75], "texture": "#0", "cullface": "north"}
			}
		},
		{
			"from": [8, 10, -0.75],
			"to": [11, 11, 0],
			"faces": {
				"north": {"uv": [5, 5, 8, 6], "texture": "#0", "cullface": "north"},
				"east": {"uv": [5, 5, 5.75, 6], "texture": "#0", "cullface": "north"},
				"west": {"uv": [7, 5, 7.75, 6], "texture": "#0", "cullface": "north"},
				"up": {"uv": [5, 5, 8, 5.75], "rotation": 180, "texture": "#0", "cullface": "north"}
			}
		},
		{
			"from": [10, 7, -0.75],
			"to": [12, 8, 0],
			"faces": {
				"north": {"uv": [4, 8, 6, 9], "texture": "#0", "cullface": "north"},
				"east": {"uv": [4, 8, 4.75, 9], "texture": "#0", "cullface": "north"},
				"west": {"uv": [5, 8, 5.75, 9], "texture": "#0", "cullface": "north"},
				"down": {"uv": [4, 8, 6, 9], "rotation": 180, "texture": "#0", "cullface": "north"}
			}
		},
		{
			"from": [12, 12, -0.75],
			"to": [14, 14, 0],
			"faces": {
				"north": {"uv": [2, 2, 4, 4], "texture": "#0", "cullface": "north"},
				"east": {"uv": [2, 2, 2.75, 4], "texture": "#0", "cullface": "north"},
				"west": {"uv": [3, 2, 3.75, 4], "texture": "#0", "cullface": "north"},
				"up": {"uv": [2, 2, 4, 2.75], "rotation": 180, "texture": "#0", "cullface": "north"},
				"down": {"uv": [2, 3, 4, 3.75], "rotation": 180, "texture": "#0", "cullface": "north"}
			}
		},
		{
			"from": [1, 7, -0.75],
			"to": [3, 9, 0],
			"faces": {
				"north": {"uv": [13, 7, 15, 9], "texture": "#0", "cullface": "north"},
				"east": {"uv": [13, 7, 13.75, 9], "texture": "#0", "cullface": "north"},
				"west": {"uv": [14, 7, 14.75, 9], "texture": "#0", "cullface": "north"},
				"up": {"uv": [13, 7, 15, 8], "rotation": 180, "texture": "#0", "cullface": "north"},
				"down": {"uv": [13, 8, 15, 8.75], "rotation": 180, "texture": "#0", "cullface": "north"}
			}
		},
		{
			"from": [4, 12, -0.75],
			"to": [6, 14, 0],
			"faces": {
				"north": {"uv": [10, 2, 12, 4], "texture": "#0", "cullface": "north"},
				"east": {"uv": [10, 2, 10.75, 4], "texture": "#0", "cullface": "north"},
				"west": {"uv": [11, 2, 11.75, 4], "texture": "#0", "cullface": "north"},
				"up": {"uv": [10, 2, 12, 2.75], "rotation": 180, "texture": "#0", "cullface": "north"},
				"down": {"uv": [10, 3, 12, 3.75], "rotation": 180, "texture": "#0", "cullface": "north"}
			}
		},
		{
			"from": [13, 6, -0.75],
			"to": [15, 8, 0],
			"faces": {
				"north": {"uv": [1, 8, 3, 10], "texture": "#0", "cullface": "north"},
				"east": {"uv": [1, 8, 1.75, 10], "texture": "#0", "cullface": "north"},
				"west": {"uv": [2, 8, 2.75, 10], "texture": "#0", "cullface": "north"},
				"up": {"uv": [1, 8, 3, 8.75], "rotation": 180, "texture": "#0", "cullface": "north"},
				"down": {"uv": [1, 9, 3, 9.75], "rotation": 180, "texture": "#0", "cullface": "north"}
			}
		},
		{
			"from": [5, 5, -0.75],
			"to": [7, 6, 0],
			"faces": {
				"north": {"uv": [9, 10, 11, 11], "texture": "#0", "cullface": "north"},
				"east": {"uv": [9, 10, 9.75, 11], "texture": "#0", "cullface": "north"},
				"west": {"uv": [9, 10, 9.75, 11], "texture": "#0", "cullface": "north"},
				"up": {"uv": [9, 10, 11, 11], "texture": "#0", "cullface": "north"}
			}
		},
		{
			"from": [5, 2, -0.75],
			"to": [6, 3, 0],
			"faces": {
				"north": {"uv": [10, 13, 11, 14], "texture": "#0", "cullface": "north"},
				"east": {"uv": [10, 13, 11, 14], "texture": "#0", "cullface": "north"},
				"west": {"uv": [10, 13, 11, 14], "texture": "#0", "cullface": "north"},
				"down": {"uv": [10, 13, 11, 14], "texture": "#0", "cullface": "north"}
			}
		},
		{
			"from": [3, 3, -0.75],
			"to": [8, 5, 0],
			"faces": {
				"north": {"uv": [8, 11, 13, 13], "texture": "#0", "cullface": "north"},
				"east": {"uv": [8, 11, 8.75, 13], "texture": "#0", "cullface": "north"},
				"west": {"uv": [12, 11, 12.75, 13], "texture": "#0", "cullface": "north"},
				"up": {"uv": [8, 12, 13, 13], "rotation": 180, "texture": "#0", "cullface": "north"},
				"down": {"uv": [8, 12, 13, 12.75], "rotation": 180, "texture": "#0", "cullface": "north"}
			}
		},
		{
			"from": [10, 1, -0.75],
			"to": [12, 3, 0],
			"faces": {
				"north": {"uv": [4, 13, 6, 15], "texture": "#0", "cullface": "north"},
				"east": {"uv": [4, 13, 4.75, 15], "texture": "#0", "cullface": "north"},
				"west": {"uv": [5, 13, 5.75, 15], "texture": "#0", "cullface": "north"},
				"up": {"uv": [4, 13, 6, 13.75], "rotation": 180, "texture": "#0", "cullface": "north"},
				"down": {"uv": [4, 14, 6, 14.75], "rotation": 180, "texture": "#0", "cullface": "north"}
			}
		},
		{
			"from": [4.01818, 1, 16],
			"to": [6.01818, 3, 16.75],
			"rotation": {"angle": 0, "axis": "y", "origin": [8.40909, 7.45455, 8.625]},
			"faces": {
				"east": {"uv": [5, 13, 5.75, 15], "texture": "#0", "cullface": "south"},
				"south": {"uv": [4, 13, 6, 15], "texture": "#0", "cullface": "south"},
				"west": {"uv": [4, 13, 4.75, 15], "texture": "#0", "cullface": "south"},
				"up": {"uv": [4, 13, 6, 13.75], "texture": "#0", "cullface": "south"},
				"down": {"uv": [4, 14, 6, 14.75], "texture": "#0", "cullface": "south"}
			}
		},
		{
			"from": [1.01818, 6, 16],
			"to": [3.01818, 8, 16.75],
			"rotation": {"angle": 0, "axis": "y", "origin": [8.40909, 7.45455, 8.625]},
			"faces": {
				"east": {"uv": [2, 8, 2.75, 10], "texture": "#0", "cullface": "south"},
				"south": {"uv": [1, 8, 3, 10], "texture": "#0", "cullface": "south"},
				"west": {"uv": [1, 8, 1.75, 10], "texture": "#0", "cullface": "south"},
				"up": {"uv": [1, 8, 3, 8.75], "texture": "#0", "cullface": "south"},
				"down": {"uv": [1, 9, 3, 9.75], "texture": "#0", "cullface": "south"}
			}
		},
		{
			"from": [4.01818, 8, 16],
			"to": [8.01818, 10, 16.75],
			"rotation": {"angle": 0, "axis": "y", "origin": [8.40909, 7.45455, 8.625]},
			"faces": {
				"east": {"uv": [7, 6, 7.75, 8], "texture": "#0", "cullface": "south"},
				"south": {"uv": [4, 6, 8, 8], "texture": "#0", "cullface": "south"},
				"west": {"uv": [4, 6, 4.75, 8], "texture": "#0", "cullface": "south"},
				"up": {"uv": [4, 6, 8, 6.75], "texture": "#0", "cullface": "south"},
				"down": {"uv": [4, 7, 8, 7.75], "rotation": 180, "texture": "#0", "cullface": "south"}
			}
		},
		{
			"from": [4.01818, 7, 16],
			"to": [6.01818, 8, 16.75],
			"rotation": {"angle": 0, "axis": "y", "origin": [8.40909, 7.45455, 8.625]},
			"faces": {
				"east": {"uv": [5, 8, 5.75, 9], "texture": "#0", "cullface": "south"},
				"south": {"uv": [4, 8, 6, 9], "texture": "#0", "cullface": "south"},
				"west": {"uv": [4, 8, 4.75, 9], "texture": "#0", "cullface": "south"},
				"down": {"uv": [4, 8, 6, 9], "texture": "#0", "cullface": "south"}
			}
		},
		{
			"from": [5.01818, 10, 16],
			"to": [8.01818, 11, 16.75],
			"rotation": {"angle": 0, "axis": "y", "origin": [8.40909, 7.45455, 8.625]},
			"faces": {
				"east": {"uv": [7, 5, 7.75, 6], "texture": "#0", "cullface": "south"},
				"south": {"uv": [5, 5, 8, 6], "texture": "#0", "cullface": "south"},
				"west": {"uv": [5, 5, 5.75, 6], "texture": "#0", "cullface": "south"},
				"up": {"uv": [5, 5, 8, 5.75], "texture": "#0", "cullface": "south"}
			}
		},
		{
			"from": [2.01818, 12, 16],
			"to": [4.01818, 14, 16.75],
			"rotation": {"angle": 0, "axis": "y", "origin": [8.40909, 7.45455, 8.625]},
			"faces": {
				"east": {"uv": [3, 2, 3.75, 4], "texture": "#0", "cullface": "south"},
				"south": {"uv": [2, 2, 4, 4], "texture": "#0", "cullface": "south"},
				"west": {"uv": [2, 2, 2.75, 4], "texture": "#0", "cullface": "south"},
				"up": {"uv": [2, 2, 4, 2.75], "texture": "#0", "cullface": "south"},
				"down": {"uv": [2, 3, 4, 3.75], "texture": "#0", "cullface": "south"}
			}
		},
		{
			"from": [10.01818, 12, 16],
			"to": [12.01818, 14, 16.75],
			"rotation": {"angle": 0, "axis": "y", "origin": [8.40909, 7.45455, 8.625]},
			"faces": {
				"east": {"uv": [11, 2, 11.75, 4], "texture": "#0", "cullface": "south"},
				"south": {"uv": [10, 2, 12, 4], "texture": "#0", "cullface": "south"},
				"west": {"uv": [10, 2, 10.75, 4], "texture": "#0", "cullface": "south"},
				"up": {"uv": [10, 2, 12, 2.75], "texture": "#0", "cullface": "south"},
				"down": {"uv": [10, 3, 12, 3.75], "texture": "#0", "cullface": "south"}
			}
		},
		{
			"from": [13.01818, 7, 16],
			"to": [15.01818, 9, 16.75],
			"rotation": {"angle": 0, "axis": "y", "origin": [8.40909, 7.45455, 8.625]},
			"faces": {
				"east": {"uv": [14, 7, 14.75, 9], "texture": "#0", "cullface": "south"},
				"south": {"uv": [13, 7, 15, 9], "texture": "#0", "cullface": "south"},
				"west": {"uv": [13, 7, 13.75, 9], "texture": "#0", "cullface": "south"},
				"up": {"uv": [13, 7, 15, 8], "texture": "#0", "cullface": "south"},
				"down": {"uv": [13, 8, 15, 8.75], "texture": "#0", "cullface": "south"}
			}
		},
		{
			"from": [10.01818, 2, 16],
			"to": [11.01818, 3, 16.75],
			"rotation": {"angle": 0, "axis": "y", "origin": [8.40909, 7.45455, 8.625]},
			"faces": {
				"east": {"uv": [10, 13, 11, 14], "texture": "#0", "cullface": "south"},
				"south": {"uv": [10, 13, 11, 14], "texture": "#0", "cullface": "south"},
				"west": {"uv": [10, 13, 11, 14], "texture": "#0", "cullface": "south"},
				"down": {"uv": [10, 13, 11, 14], "rotation": 180, "texture": "#0", "cullface": "south"}
			}
		},
		{
			"from": [8.01818, 3, 16],
			"to": [13.01818, 5, 16.75],
			"rotation": {"angle": 0, "axis": "y", "origin": [8.40909, 7.45455, 8.625]},
			"faces": {
				"east": {"uv": [12, 11, 12.75, 13], "texture": "#0", "cullface": "south"},
				"south": {"uv": [8, 11, 13, 13], "texture": "#0", "cullface": "south"},
				"west": {"uv": [8, 11, 8.75, 13], "texture": "#0", "cullface": "south"},
				"up": {"uv": [8, 12, 13, 13], "texture": "#0", "cullface": "south"},
				"down": {"uv": [8, 12, 13, 12.75], "texture": "#0", "cullface": "south"}
			}
		},
		{
			"from": [9.01818, 5, 16],
			"to": [11.01818, 6, 16.75],
			"rotation": {"angle": 0, "axis": "y", "origin": [8.40909, 7.45455, 8.625]},
			"faces": {
				"east": {"uv": [9, 10, 9.75, 11], "texture": "#0", "cullface": "south"},
				"south": {"uv": [9, 10, 11, 11], "texture": "#0", "cullface": "south"},
				"west": {"uv": [9, 10, 9.75, 11], "texture": "#0", "cullface": "south"},
				"up": {"uv": [9, 10, 11, 11], "rotation": 180, "texture": "#0", "cullface": "south"}
			}
		},
		{
			"from": [1.01818, 15.95455, 8.00455],
			"to": [3.01818, 16.70455, 10.00455],
			"rotation": {"angle": 0, "axis": "x", "origin": [8.00909, 7.45455, 8]},
			"faces": {
				"north": {"uv": [1, 8, 3, 8.75], "rotation": 180, "texture": "#0", "cullface": "up"},
				"east": {"uv": [2, 8, 2.75, 10], "rotation": 90, "texture": "#0", "cullface": "up"},
				"south": {"uv": [1, 9, 3, 9.75], "texture": "#0", "cullface": "up"},
				"west": {"uv": [1, 8, 1.75, 10], "rotation": 270, "texture": "#0", "cullface": "up"},
				"up": {"uv": [1, 8, 3, 10], "texture": "#0", "cullface": "up"}
			}
		},
		{
			"from": [4.01818, 15.95455, 8.00455],
			"to": [6.01818, 16.70455, 9.00455],
			"rotation": {"angle": 0, "axis": "x", "origin": [8.00909, 7.45455, 8]},
			"faces": {
				"east": {"uv": [5, 8, 5.75, 9], "rotation": 90, "texture": "#0", "cullface": "up"},
				"south": {"uv": [4, 8, 6, 9], "texture": "#0", "cullface": "up"},
				"west": {"uv": [4, 8, 4.75, 9], "rotation": 270, "texture": "#0", "cullface": "up"},
				"up": {"uv": [4, 8, 6, 9], "texture": "#0", "cullface": "up"}
			}
		},
		{
			"from": [4.01818, 15.95455, 6.00455],
			"to": [8.01818, 16.70455, 8.00455],
			"rotation": {"angle": 0, "axis": "x", "origin": [8.00909, 7.45455, 8]},
			"faces": {
				"north": {"uv": [4, 6, 8, 6.75], "rotation": 180, "texture": "#0", "cullface": "up"},
				"east": {"uv": [7, 6, 7.75, 8], "rotation": 90, "texture": "#0", "cullface": "up"},
				"south": {"uv": [4, 7, 8, 7.75], "rotation": 180, "texture": "#0", "cullface": "up"},
				"west": {"uv": [4, 6, 4.75, 8], "rotation": 270, "texture": "#0", "cullface": "up"},
				"up": {"uv": [4, 6, 8, 8], "texture": "#0", "cullface": "up"}
			}
		},
		{
			"from": [5.01818, 15.95455, 5.00455],
			"to": [8.01818, 16.70455, 6.00455],
			"rotation": {"angle": 0, "axis": "x", "origin": [8.00909, 7.45455, 8]},
			"faces": {
				"north": {"uv": [5, 5, 8, 5.75], "rotation": 180, "texture": "#0", "cullface": "up"},
				"east": {"uv": [7, 5, 7.75, 6], "rotation": 90, "texture": "#0", "cullface": "up"},
				"west": {"uv": [5, 5, 5.75, 6], "rotation": 270, "texture": "#0", "cullface": "up"},
				"up": {"uv": [5, 5, 8, 6], "texture": "#0", "cullface": "up"}
			}
		},
		{
			"from": [2.01818, 15.95455, 2.00455],
			"to": [4.01818, 16.70455, 4.00455],
			"rotation": {"angle": 0, "axis": "x", "origin": [8.00909, 7.45455, 8]},
			"faces": {
				"north": {"uv": [2, 2, 4, 2.75], "rotation": 180, "texture": "#0", "cullface": "up"},
				"east": {"uv": [3, 2, 3.75, 4], "rotation": 90, "texture": "#0", "cullface": "up"},
				"south": {"uv": [2, 3, 4, 3.75], "texture": "#0", "cullface": "up"},
				"west": {"uv": [2, 2, 2.75, 4], "rotation": 270, "texture": "#0", "cullface": "up"},
				"up": {"uv": [2, 2, 4, 4], "texture": "#0", "cullface": "up"}
			}
		},
		{
			"from": [10.01818, 15.95455, 2.00455],
			"to": [12.01818, 16.70455, 4.00455],
			"rotation": {"angle": 0, "axis": "x", "origin": [8.00909, 7.45455, 8]},
			"faces": {
				"north": {"uv": [10, 2, 12, 2.75], "rotation": 180, "texture": "#0", "cullface": "up"},
				"east": {"uv": [11, 2, 11.75, 4], "rotation": 90, "texture": "#0", "cullface": "up"},
				"south": {"uv": [10, 3, 12, 3.75], "texture": "#0", "cullface": "up"},
				"west": {"uv": [10, 2, 10.75, 4], "rotation": 270, "texture": "#0", "cullface": "up"},
				"up": {"uv": [10, 2, 12, 4], "texture": "#0", "cullface": "up"}
			}
		},
		{
			"from": [2.01818, -0.64545, 12.00455],
			"to": [4.01818, 0.10455, 14.00455],
			"rotation": {"angle": 0, "axis": "x", "origin": [8.00909, 7.45455, 8]},
			"faces": {
				"north": {"uv": [10, 2, 12, 2.75], "texture": "#0", "cullface": "down"},
				"east": {"uv": [10, 2, 10.75, 4], "rotation": 90, "texture": "#0", "cullface": "down"},
				"south": {"uv": [10, 3, 12, 3.75], "rotation": 180, "texture": "#0", "cullface": "down"},
				"west": {"uv": [11, 2, 11.75, 4], "rotation": 270, "texture": "#0", "cullface": "down"},
				"down": {"uv": [10, 2, 12, 4], "rotation": 180, "texture": "#0", "cullface": "down"}
			}
		},
		{
			"from": [13.01818, 15.95455, 7.00455],
			"to": [15.01818, 16.70455, 9.00455],
			"rotation": {"angle": 0, "axis": "x", "origin": [8.00909, 7.45455, 8]},
			"faces": {
				"north": {"uv": [13, 7, 15, 8], "rotation": 180, "texture": "#0", "cullface": "up"},
				"east": {"uv": [14, 7, 14.75, 9], "rotation": 90, "texture": "#0", "cullface": "up"},
				"south": {"uv": [13, 8, 15, 8.75], "texture": "#0", "cullface": "up"},
				"west": {"uv": [13, 7, 13.75, 9], "rotation": 270, "texture": "#0", "cullface": "up"},
				"up": {"uv": [13, 7, 15, 9], "texture": "#0", "cullface": "up"}
			}
		},
		{
			"from": [9.01818, 15.95455, 10.00455],
			"to": [11.01818, 16.70455, 11.00455],
			"rotation": {"angle": 0, "axis": "x", "origin": [8.00909, 7.45455, 8]},
			"faces": {
				"north": {"uv": [9, 10, 11, 11], "texture": "#0", "cullface": "up"},
				"east": {"uv": [9, 10, 9.75, 11], "rotation": 90, "texture": "#0", "cullface": "up"},
				"west": {"uv": [9, 10, 9.75, 11], "rotation": 270, "texture": "#0", "cullface": "up"},
				"up": {"uv": [9, 10, 11, 11], "texture": "#0", "cullface": "up"}
			}
		},
		{
			"from": [8.01818, 15.95455, 11.00455],
			"to": [13.01818, 16.70455, 13.00455],
			"rotation": {"angle": 0, "axis": "x", "origin": [8.00909, 7.45455, 8]},
			"faces": {
				"north": {"uv": [8, 12, 13, 13], "rotation": 180, "texture": "#0", "cullface": "up"},
				"east": {"uv": [12, 11, 12.75, 13], "rotation": 90, "texture": "#0", "cullface": "up"},
				"south": {"uv": [8, 12, 13, 12.75], "texture": "#0", "cullface": "up"},
				"west": {"uv": [8, 11, 8.75, 13], "rotation": 270, "texture": "#0", "cullface": "up"},
				"up": {"uv": [8, 11, 13, 13], "texture": "#0", "cullface": "up"}
			}
		},
		{
			"from": [10.01818, 15.95455, 13.00455],
			"to": [11.01818, 16.70455, 14.00455],
			"rotation": {"angle": 0, "axis": "x", "origin": [8.00909, 7.45455, 8]},
			"faces": {
				"east": {"uv": [10, 13, 11, 14], "rotation": 90, "texture": "#0", "cullface": "up"},
				"south": {"uv": [10, 13, 11, 14], "rotation": 180, "texture": "#0", "cullface": "up"},
				"west": {"uv": [10, 13, 11, 14], "rotation": 270, "texture": "#0", "cullface": "up"},
				"up": {"uv": [10, 13, 11, 14], "texture": "#0", "cullface": "up"}
			}
		},
		{
			"from": [4.01818, 15.95455, 13.00455],
			"to": [6.01818, 16.70455, 15.00455],
			"rotation": {"angle": 0, "axis": "x", "origin": [8.00909, 7.45455, 8]},
			"faces": {
				"north": {"uv": [4, 13, 6, 13.75], "rotation": 180, "texture": "#0", "cullface": "up"},
				"east": {"uv": [5, 13, 5.75, 15], "rotation": 90, "texture": "#0", "cullface": "up"},
				"south": {"uv": [4, 14, 6, 14.75], "texture": "#0", "cullface": "up"},
				"west": {"uv": [4, 13, 4.75, 15], "rotation": 270, "texture": "#0", "cullface": "up"},
				"up": {"uv": [4, 13, 6, 15], "texture": "#0", "cullface": "up"}
			}
		},
		{
			"from": [1.01818, -0.74545, 5.99545],
			"to": [3.01818, 0.00455, 7.99545],
			"rotation": {"angle": 0, "axis": "x", "origin": [8.00909, 7.45455, 8]},
			"faces": {
				"north": {"uv": [1, 9, 3, 9.75], "rotation": 180, "texture": "#0", "cullface": "down"},
				"east": {"uv": [2, 8, 2.75, 10], "rotation": 270, "texture": "#0", "cullface": "down"},
				"south": {"uv": [1, 8, 3, 8.75], "texture": "#0", "cullface": "down"},
				"west": {"uv": [1, 8, 1.75, 10], "rotation": 90, "texture": "#0", "cullface": "down"},
				"down": {"uv": [1, 8, 3, 10], "texture": "#0", "cullface": "down"}
			}
		},
		{
			"from": [4.01818, -0.74545, 0.99545],
			"to": [6.01818, 0.00455, 2.99545],
			"rotation": {"angle": 0, "axis": "x", "origin": [8.00909, 7.45455, 8]},
			"faces": {
				"north": {"uv": [4, 14, 6, 14.75], "rotation": 180, "texture": "#0", "cullface": "down"},
				"east": {"uv": [5, 13, 5.75, 15], "rotation": 270, "texture": "#0", "cullface": "down"},
				"south": {"uv": [4, 13, 6, 13.75], "texture": "#0", "cullface": "down"},
				"west": {"uv": [4, 13, 4.75, 15], "rotation": 90, "texture": "#0", "cullface": "down"},
				"down": {"uv": [4, 13, 6, 15], "texture": "#0", "cullface": "down"}
			}
		},
		{
			"from": [8.01818, -0.74545, 2.99545],
			"to": [13.01818, 0.00455, 4.99545],
			"rotation": {"angle": 0, "axis": "x", "origin": [8.00909, 7.45455, 8]},
			"faces": {
				"north": {"uv": [8, 12, 13, 12.75], "rotation": 180, "texture": "#0", "cullface": "down"},
				"east": {"uv": [12, 11, 12.75, 13], "rotation": 270, "texture": "#0", "cullface": "down"},
				"south": {"uv": [8, 12, 13, 13], "texture": "#0", "cullface": "down"},
				"west": {"uv": [8, 11, 8.75, 13], "rotation": 90, "texture": "#0", "cullface": "down"},
				"down": {"uv": [8, 11, 13, 13], "texture": "#0", "cullface": "down"}
			}
		},
		{
			"from": [10.01818, -0.74545, 1.99545],
			"to": [11.01818, 0.00455, 2.99545],
			"rotation": {"angle": 0, "axis": "x", "origin": [8.00909, 7.45455, 8]},
			"faces": {
				"north": {"uv": [10, 13, 11, 14], "texture": "#0", "cullface": "down"},
				"east": {"uv": [10, 13, 11, 14], "rotation": 270, "texture": "#0", "cullface": "down"},
				"west": {"uv": [10, 13, 11, 14], "rotation": 90, "texture": "#0", "cullface": "down"},
				"down": {"uv": [10, 13, 11, 14], "texture": "#0", "cullface": "down"}
			}
		},
		{
			"from": [13.01818, -0.74545, 6.99545],
			"to": [15.01818, 0.00455, 8.99545],
			"rotation": {"angle": 0, "axis": "x", "origin": [8.00909, 7.45455, 8]},
			"faces": {
				"north": {"uv": [13, 8, 15, 8.75], "rotation": 180, "texture": "#0", "cullface": "down"},
				"east": {"uv": [14, 7, 14.75, 9], "rotation": 270, "texture": "#0", "cullface": "down"},
				"south": {"uv": [13, 7, 15, 8], "texture": "#0", "cullface": "down"},
				"west": {"uv": [13, 7, 13.75, 9], "rotation": 90, "texture": "#0", "cullface": "down"},
				"down": {"uv": [13, 7, 15, 9], "texture": "#0", "cullface": "down"}
			}
		},
		{
			"from": [9.01818, -0.74545, 4.99545],
			"to": [11.01818, 0.00455, 5.99545],
			"rotation": {"angle": 0, "axis": "x", "origin": [8.00909, 7.45455, 8]},
			"faces": {
				"east": {"uv": [9, 10, 9.75, 11], "rotation": 270, "texture": "#0", "cullface": "down"},
				"south": {"uv": [9, 10, 11, 11], "rotation": 180, "texture": "#0", "cullface": "down"},
				"west": {"uv": [9, 10, 9.75, 11], "rotation": 90, "texture": "#0", "cullface": "down"},
				"down": {"uv": [9, 10, 11, 11], "texture": "#0", "cullface": "down"}
			}
		},
		{
			"from": [5.01818, -0.74545, 9.99545],
			"to": [8.01818, 0.00455, 10.99545],
			"rotation": {"angle": 0, "axis": "x", "origin": [8.00909, 7.45455, 8]},
			"faces": {
				"east": {"uv": [7, 5, 7.75, 6], "rotation": 270, "texture": "#0", "cullface": "down"},
				"south": {"uv": [5, 5, 8, 5.75], "texture": "#0", "cullface": "down"},
				"west": {"uv": [5, 5, 5.75, 6], "rotation": 90, "texture": "#0", "cullface": "down"},
				"down": {"uv": [5, 5, 8, 6], "texture": "#0", "cullface": "down"}
			}
		},
		{
			"from": [4.01818, -0.74545, 6.99545],
			"to": [6.01818, 0.00455, 7.99545],
			"rotation": {"angle": 0, "axis": "x", "origin": [8.00909, 7.45455, 8]},
			"faces": {
				"north": {"uv": [4, 8, 6, 9], "rotation": 180, "texture": "#0", "cullface": "down"},
				"east": {"uv": [5, 8, 5.75, 9], "rotation": 270, "texture": "#0", "cullface": "down"},
				"west": {"uv": [4, 8, 4.75, 9], "rotation": 90, "texture": "#0", "cullface": "down"},
				"down": {"uv": [4, 8, 6, 9], "texture": "#0", "cullface": "down"}
			}
		},
		{
			"from": [4.01818, -0.74545, 7.99545],
			"to": [8.01818, 0.00455, 9.99545],
			"rotation": {"angle": 0, "axis": "x", "origin": [8.00909, 7.45455, 8]},
			"faces": {
				"north": {"uv": [4, 7, 8, 7.75], "texture": "#0", "cullface": "down"},
				"east": {"uv": [7, 6, 7.75, 8], "rotation": 270, "texture": "#0", "cullface": "down"},
				"south": {"uv": [4, 6, 8, 6.75], "texture": "#0", "cullface": "down"},
				"west": {"uv": [4, 6, 4.75, 8], "rotation": 90, "texture": "#0", "cullface": "down"},
				"down": {"uv": [4, 6, 8, 8], "texture": "#0", "cullface": "down"}
			}
		},
		{
			"from": [10.01818, -0.74545, 11.99545],
			"to": [12.01818, 0.00455, 13.99545],
			"rotation": {"angle": 0, "axis": "x", "origin": [8.00909, 7.45455, 8]},
			"faces": {
				"north": {"uv": [10, 3, 12, 3.75], "rotation": 180, "texture": "#0", "cullface": "down"},
				"east": {"uv": [11, 2, 11.75, 4], "rotation": 270, "texture": "#0", "cullface": "down"},
				"south": {"uv": [10, 2, 12, 2.75], "texture": "#0", "cullface": "down"},
				"west": {"uv": [10, 2, 10.75, 4], "rotation": 90, "texture": "#0", "cullface": "down"},
				"down": {"uv": [10, 2, 12, 4], "texture": "#0", "cullface": "down"}
			}
		},
		{
			"from": [15.98409, 6, 13.01591],
			"to": [16.73409, 8, 15.01591],
			"rotation": {"angle": 0, "axis": "y", "origin": [8.40909, 7.45455, 8.625]},
			"faces": {
				"north": {"uv": [2, 8, 2.75, 10], "texture": "#0", "cullface": "east"},
				"east": {"uv": [1, 8, 3, 10], "texture": "#0", "cullface": "east"},
				"south": {"uv": [1, 8, 1.75, 10], "texture": "#0", "cullface": "east"},
				"up": {"uv": [1, 8, 3, 8.75], "rotation": 270, "texture": "#0", "cullface": "east"},
				"down": {"uv": [1, 9, 3, 9.75], "rotation": 90, "texture": "#0", "cullface": "east"}
			}
		},
		{
			"from": [15.98409, 8, 8.01591],
			"to": [16.73409, 10, 12.01591],
			"rotation": {"angle": 0, "axis": "y", "origin": [8.40909, 7.45455, 8.625]},
			"faces": {
				"north": {"uv": [7, 6, 7.75, 8], "texture": "#0", "cullface": "east"},
				"east": {"uv": [4, 6, 8, 8], "texture": "#0", "cullface": "east"},
				"south": {"uv": [4, 6, 4.75, 8], "texture": "#0", "cullface": "east"},
				"up": {"uv": [4, 6, 8, 6.75], "rotation": 270, "texture": "#0", "cullface": "east"},
				"down": {"uv": [4, 7, 8, 7.75], "rotation": 270, "texture": "#0", "cullface": "east"}
			}
		},
		{
			"from": [15.98409, 7, 10.01591],
			"to": [16.73409, 8, 12.01591],
			"rotation": {"angle": 0, "axis": "y", "origin": [8.40909, 7.45455, 8.625]},
			"faces": {
				"north": {"uv": [5, 8, 5.75, 9], "texture": "#0", "cullface": "east"},
				"east": {"uv": [4, 8, 6, 9], "texture": "#0", "cullface": "east"},
				"south": {"uv": [4, 8, 4.75, 9], "texture": "#0", "cullface": "east"},
				"down": {"uv": [4, 8, 6, 9], "rotation": 90, "texture": "#0", "cullface": "east"}
			}
		},
		{
			"from": [15.98409, 10, 8.01591],
			"to": [16.73409, 11, 11.01591],
			"rotation": {"angle": 0, "axis": "y", "origin": [8.40909, 7.45455, 8.625]},
			"faces": {
				"north": {"uv": [7, 5, 7.75, 6], "texture": "#0", "cullface": "east"},
				"east": {"uv": [5, 5, 8, 6], "texture": "#0", "cullface": "east"},
				"south": {"uv": [5, 5, 5.75, 6], "texture": "#0", "cullface": "east"},
				"up": {"uv": [5, 5, 8, 5.75], "rotation": 270, "texture": "#0", "cullface": "east"}
			}
		},
		{
			"from": [15.98409, 12, 12.01591],
			"to": [16.73409, 14, 14.01591],
			"rotation": {"angle": 0, "axis": "y", "origin": [8.40909, 7.45455, 8.625]},
			"faces": {
				"north": {"uv": [3, 2, 3.75, 4], "texture": "#0", "cullface": "east"},
				"east": {"uv": [2, 2, 4, 4], "texture": "#0", "cullface": "east"},
				"south": {"uv": [2, 2, 2.75, 4], "texture": "#0", "cullface": "east"},
				"up": {"uv": [2, 2, 4, 2.75], "rotation": 270, "texture": "#0", "cullface": "east"},
				"down": {"uv": [2, 3, 4, 3.75], "rotation": 90, "texture": "#0", "cullface": "east"}
			}
		},
		{
			"from": [15.98409, 12, 4.01591],
			"to": [16.73409, 14, 6.01591],
			"rotation": {"angle": 0, "axis": "y", "origin": [8.40909, 7.45455, 8.625]},
			"faces": {
				"north": {"uv": [11, 2, 11.75, 4], "texture": "#0", "cullface": "east"},
				"east": {"uv": [10, 2, 12, 4], "texture": "#0", "cullface": "east"},
				"south": {"uv": [10, 2, 10.75, 4], "texture": "#0", "cullface": "east"},
				"up": {"uv": [10, 2, 12, 2.75], "rotation": 270, "texture": "#0", "cullface": "east"},
				"down": {"uv": [10, 3, 12, 3.75], "rotation": 90, "texture": "#0", "cullface": "east"}
			}
		},
		{
			"from": [15.98409, 7, 1.01591],
			"to": [16.73409, 9, 3.01591],
			"rotation": {"angle": 0, "axis": "y", "origin": [8.40909, 7.45455, 8.625]},
			"faces": {
				"north": {"uv": [14, 7, 14.75, 9], "texture": "#0", "cullface": "east"},
				"east": {"uv": [13, 7, 15, 9], "texture": "#0", "cullface": "east"},
				"south": {"uv": [13, 7, 13.75, 9], "texture": "#0", "cullface": "east"},
				"up": {"uv": [13, 7, 15, 8], "rotation": 270, "texture": "#0", "cullface": "east"},
				"down": {"uv": [13, 8, 15, 8.75], "rotation": 90, "texture": "#0", "cullface": "east"}
			}
		},
		{
			"from": [15.98409, 5, 5.01591],
			"to": [16.73409, 6, 7.01591],
			"rotation": {"angle": 0, "axis": "y", "origin": [8.40909, 7.45455, 8.625]},
			"faces": {
				"north": {"uv": [9, 10, 9.75, 11], "texture": "#0", "cullface": "east"},
				"east": {"uv": [9, 10, 11, 11], "texture": "#0", "cullface": "east"},
				"south": {"uv": [9, 10, 9.75, 11], "texture": "#0", "cullface": "east"},
				"up": {"uv": [9, 10, 11, 11], "rotation": 90, "texture": "#0", "cullface": "east"}
			}
		},
		{
			"from": [15.98409, 3, 3.01591],
			"to": [16.73409, 5, 8.01591],
			"rotation": {"angle": 0, "axis": "y", "origin": [8.40909, 7.45455, 8.625]},
			"faces": {
				"north": {"uv": [12, 11, 12.75, 13], "texture": "#0", "cullface": "east"},
				"east": {"uv": [8, 11, 13, 13], "texture": "#0", "cullface": "east"},
				"south": {"uv": [8, 11, 8.75, 13], "texture": "#0", "cullface": "east"},
				"up": {"uv": [8, 12, 13, 13], "rotation": 270, "texture": "#0", "cullface": "east"},
				"down": {"uv": [8, 12, 13, 12.75], "rotation": 90, "texture": "#0", "cullface": "east"}
			}
		},
		{
			"from": [15.98409, 2, 5.01591],
			"to": [16.73409, 3, 6.01591],
			"rotation": {"angle": 0, "axis": "y", "origin": [8.40909, 7.45455, 8.625]},
			"faces": {
				"north": {"uv": [10, 13, 11, 14], "texture": "#0", "cullface": "east"},
				"east": {"uv": [10, 13, 11, 14], "texture": "#0", "cullface": "east"},
				"south": {"uv": [10, 13, 11, 14], "texture": "#0", "cullface": "east"},
				"down": {"uv": [10, 13, 11, 14], "rotation": 270, "texture": "#0", "cullface": "east"}
			}
		},
		{
			"from": [15.98409, 1, 10.01591],
			"to": [16.73409, 3, 12.01591],
			"rotation": {"angle": 0, "axis": "y", "origin": [8.40909, 7.45455, 8.625]},
			"faces": {
				"north": {"uv": [5, 13, 5.75, 15], "texture": "#0", "cullface": "east"},
				"east": {"uv": [4, 13, 6, 15], "texture": "#0", "cullface": "east"},
				"south": {"uv": [4, 13, 4.75, 15], "texture": "#0", "cullface": "east"},
				"up": {"uv": [4, 13, 6, 13.75], "rotation": 270, "texture": "#0", "cullface": "east"},
				"down": {"uv": [4, 14, 6, 14.75], "rotation": 90, "texture": "#0", "cullface": "east"}
			}
		},
		{
			"from": [-0.71591, 3, 7.98409],
			"to": [0.03409, 5, 12.98409],
			"rotation": {"angle": 0, "axis": "y", "origin": [8.40909, 7.45455, 8.625]},
			"faces": {
				"north": {"uv": [8, 11, 8.75, 13], "texture": "#0", "cullface": "west"},
				"south": {"uv": [12, 11, 12.75, 13], "texture": "#0", "cullface": "west"},
				"west": {"uv": [8, 11, 13, 13], "texture": "#0", "cullface": "west"},
				"up": {"uv": [8, 12, 13, 13], "rotation": 90, "texture": "#0", "cullface": "west"},
				"down": {"uv": [8, 12, 13, 12.75], "rotation": 270, "texture": "#0", "cullface": "west"}
			}
		},
		{
			"from": [-0.71591, 5, 8.98409],
			"to": [0.03409, 6, 10.98409],
			"rotation": {"angle": 0, "axis": "y", "origin": [8.40909, 7.45455, 8.625]},
			"faces": {
				"north": {"uv": [9, 10, 9.75, 11], "texture": "#0", "cullface": "west"},
				"south": {"uv": [9, 10, 9.75, 11], "texture": "#0", "cullface": "west"},
				"west": {"uv": [9, 10, 11, 11], "texture": "#0", "cullface": "west"},
				"up": {"uv": [9, 10, 11, 11], "rotation": 270, "texture": "#0", "cullface": "west"}
			}
		},
		{
			"from": [-0.71591, 2, 9.98409],
			"to": [0.03409, 3, 10.98409],
			"rotation": {"angle": 0, "axis": "y", "origin": [8.40909, 7.45455, 8.625]},
			"faces": {
				"north": {"uv": [10, 13, 11, 14], "texture": "#0", "cullface": "west"},
				"south": {"uv": [10, 13, 11, 14], "texture": "#0", "cullface": "west"},
				"west": {"uv": [10, 13, 11, 14], "texture": "#0", "cullface": "west"},
				"down": {"uv": [10, 13, 11, 14], "rotation": 90, "texture": "#0", "cullface": "west"}
			}
		},
		{
			"from": [-0.71591, 1, 3.98409],
			"to": [0.03409, 3, 5.98409],
			"rotation": {"angle": 0, "axis": "y", "origin": [8.40909, 7.45455, 8.625]},
			"faces": {
				"north": {"uv": [4, 13, 4.75, 15], "texture": "#0", "cullface": "west"},
				"south": {"uv": [5, 13, 5.75, 15], "texture": "#0", "cullface": "west"},
				"west": {"uv": [4, 13, 6, 15], "texture": "#0", "cullface": "west"},
				"up": {"uv": [4, 13, 6, 13.75], "rotation": 90, "texture": "#0", "cullface": "west"},
				"down": {"uv": [4, 14, 6, 14.75], "rotation": 270, "texture": "#0", "cullface": "west"}
			}
		},
		{
			"from": [-0.71591, 6, 0.98409],
			"to": [0.03409, 8, 2.98409],
			"rotation": {"angle": 0, "axis": "y", "origin": [8.40909, 7.45455, 8.625]},
			"faces": {
				"north": {"uv": [1, 8, 1.75, 10], "texture": "#0", "cullface": "west"},
				"south": {"uv": [2, 8, 2.75, 10], "texture": "#0", "cullface": "west"},
				"west": {"uv": [1, 8, 3, 10], "texture": "#0", "cullface": "west"},
				"up": {"uv": [1, 8, 3, 8.75], "rotation": 90, "texture": "#0", "cullface": "west"},
				"down": {"uv": [1, 9, 3, 9.75], "rotation": 270, "texture": "#0", "cullface": "west"}
			}
		},
		{
			"from": [-0.71591, 12, 1.98409],
			"to": [0.03409, 14, 3.98409],
			"rotation": {"angle": 0, "axis": "y", "origin": [8.40909, 7.45455, 8.625]},
			"faces": {
				"north": {"uv": [2, 2, 2.75, 4], "texture": "#0", "cullface": "west"},
				"south": {"uv": [3, 2, 3.75, 4], "texture": "#0", "cullface": "west"},
				"west": {"uv": [2, 2, 4, 4], "texture": "#0", "cullface": "west"},
				"up": {"uv": [2, 2, 4, 2.75], "rotation": 90, "texture": "#0", "cullface": "west"},
				"down": {"uv": [2, 3, 4, 3.75], "rotation": 270, "texture": "#0", "cullface": "west"}
			}
		},
		{
			"from": [-0.71591, 8, 3.98409],
			"to": [0.03409, 10, 7.98409],
			"rotation": {"angle": 0, "axis": "y", "origin": [8.40909, 7.45455, 8.625]},
			"faces": {
				"north": {"uv": [4, 6, 4.75, 8], "texture": "#0", "cullface": "west"},
				"south": {"uv": [7, 6, 7.75, 8], "texture": "#0", "cullface": "west"},
				"west": {"uv": [4, 6, 8, 8], "texture": "#0", "cullface": "west"},
				"up": {"uv": [4, 6, 8, 6.75], "rotation": 90, "texture": "#0", "cullface": "west"},
				"down": {"uv": [4, 7, 8, 7.75], "rotation": 90, "texture": "#0", "cullface": "west"}
			}
		},
		{
			"from": [-0.71591, 7, 3.98409],
			"to": [0.03409, 8, 5.98409],
			"rotation": {"angle": 0, "axis": "y", "origin": [8.40909, 7.45455, 8.625]},
			"faces": {
				"north": {"uv": [4, 8, 4.75, 9], "texture": "#0", "cullface": "west"},
				"south": {"uv": [5, 8, 5.75, 9], "texture": "#0", "cullface": "west"},
				"west": {"uv": [4, 8, 6, 9], "texture": "#0", "cullface": "west"},
				"down": {"uv": [4, 8, 6, 9], "rotation": 270, "texture": "#0", "cullface": "west"}
			}
		},
		{
			"from": [-0.71591, 10, 4.98409],
			"to": [0.03409, 11, 7.98409],
			"rotation": {"angle": 0, "axis": "y", "origin": [8.40909, 7.45455, 8.625]},
			"faces": {
				"north": {"uv": [5, 5, 5.75, 6], "texture": "#0", "cullface": "west"},
				"south": {"uv": [7, 5, 7.75, 6], "texture": "#0", "cullface": "west"},
				"west": {"uv": [5, 5, 8, 6], "texture": "#0", "cullface": "west"},
				"up": {"uv": [5, 5, 8, 5.75], "rotation": 90, "texture": "#0", "cullface": "west"}
			}
		},
		{
			"from": [-0.71591, 12, 9.98409],
			"to": [0.03409, 14, 11.98409],
			"rotation": {"angle": 0, "axis": "y", "origin": [8.40909, 7.45455, 8.625]},
			"faces": {
				"north": {"uv": [10, 2, 10.75, 4], "texture": "#0", "cullface": "west"},
				"south": {"uv": [11, 2, 11.75, 4], "texture": "#0", "cullface": "west"},
				"west": {"uv": [10, 2, 12, 4], "texture": "#0", "cullface": "west"},
				"up": {"uv": [10, 2, 12, 2.75], "rotation": 90, "texture": "#0", "cullface": "west"},
				"down": {"uv": [10, 3, 12, 3.75], "rotation": 270, "texture": "#0", "cullface": "west"}
			}
		},
		{
			"from": [-0.71591, 7, 12.98409],
			"to": [0.03409, 9, 14.98409],
			"rotation": {"angle": 0, "axis": "y", "origin": [8.40909, 7.45455, 8.625]},
			"faces": {
				"north": {"uv": [13, 7, 13.75, 9], "texture": "#0", "cullface": "west"},
				"south": {"uv": [14, 7, 14.75, 9], "texture": "#0", "cullface": "west"},
				"west": {"uv": [13, 7, 15, 9], "texture": "#0", "cullface": "west"},
				"up": {"uv": [13, 7, 15, 8], "rotation": 90, "texture": "#0", "cullface": "west"},
				"down": {"uv": [13, 8, 15, 8.75], "rotation": 270, "texture": "#0", "cullface": "west"}
			}
		}
	],
	"display": {
		"thirdperson_righthand": {
			"rotation": [75, 45, 0],
			"translation": [0, 2.5, 0],
			"scale": [0.375, 0.375, 0.375]
		},
		"thirdperson_lefthand": {
			"rotation": [75, 45, 0],
			"translation": [0, 2.5, 0],
			"scale": [0.375, 0.375, 0.375]
		},
		"firstperson_righthand": {
			"rotation": [0, 45, 0],
			"scale": [0.4, 0.4, 0.4]
		},
		"firstperson_lefthand": {
			"rotation": [0, 225, 0],
			"scale": [0.4, 0.4, 0.4]
		},
		"ground": {
			"translation": [0, 3, 0],
			"scale": [0.25, 0.25, 0.25]
		},
		"gui": {
			"rotation": [30, 225, 0],
			"scale": [0.625, 0.625, 0.625]
		},
		"fixed": {
			"scale": [0.5, 0.5, 0.5]
		}
	}
}