{
	"credit": "Made by N0do | GMnodo",
	"textures": {
		"0": "modeltextures/ore/deepslate_gold_ore",
		"particle": "modeltextures/ore/deepslate_gold_ore"
	},
	"elements": [
		{
			"from": [0, 0, 0],
			"to": [16, 16, 16],
			"faces": {
				"north": {"uv": [0, 0, 16, 16], "texture": "#0", "cullface": "north"},
				"east": {"uv": [0, 0, 16, 16], "texture": "#0", "cullface": "east"},
				"south": {"uv": [0, 0, 16, 16], "texture": "#0", "cullface": "south"},
				"west": {"uv": [0, 0, 16, 16], "texture": "#0", "cullface": "west"},
				"up": {"uv": [0, 0, 16, 16], "texture": "#0", "cullface": "up"},
				"down": {"uv": [0, 0, 16, 16], "texture": "#0", "cullface": "down"}
			}
		},
		{
			"from": [1, 1, -0.75],
			"to": [2, 2, 0],
			"faces": {
				"north": {"uv": [14, 14, 15, 14.75], "texture": "#0", "cullface": "north"},
				"east": {"uv": [14, 14, 15, 14.75], "texture": "#0", "cullface": "north"},
				"west": {"uv": [14, 14, 15, 14.75], "texture": "#0", "cullface": "north"},
				"up": {"uv": [14, 14, 15, 14.75], "texture": "#0", "cullface": "north"},
				"down": {"uv": [14, 14, 15, 14.75], "texture": "#0", "cullface": "north"}
			}
		},
		{
			"from": [14, 1, 16],
			"to": [15, 2, 16.75],
			"rotation": {"angle": 0, "axis": "y", "origin": [7.25, 7.575, -0.375]},
			"faces": {
				"east": {"uv": [14, 14, 15, 14.75], "texture": "#0", "cullface": "south"},
				"south": {"uv": [14, 14, 15, 14.75], "texture": "#0", "cullface": "south"},
				"west": {"uv": [14, 14, 15, 14.75], "texture": "#0", "cullface": "south"},
				"up": {"uv": [14, 14, 15, 14.75], "rotation": 180, "texture": "#0", "cullface": "south"},
				"down": {"uv": [14, 14, 15, 14.75], "rotation": 180, "texture": "#0", "cullface": "south"}
			}
		},
		{
			"from": [14, 15.96603, 13.99551],
			"to": [15, 16.71603, 14.99551],
			"rotation": {"angle": 0, "axis": "x", "origin": [8.16667, 7.73077, 8.21474]},
			"faces": {
				"north": {"uv": [14, 14, 15, 14.75], "texture": "#0", "cullface": "up"},
				"east": {"uv": [14, 14, 15, 14.75], "rotation": 90, "texture": "#0", "cullface": "up"},
				"south": {"uv": [14, 14, 15, 14.75], "rotation": 180, "texture": "#0", "cullface": "up"},
				"west": {"uv": [14, 14, 15, 14.75], "rotation": 270, "texture": "#0", "cullface": "up"},
				"up": {"uv": [14, 14, 15, 14.75], "texture": "#0", "cullface": "up"}
			}
		},
		{
			"from": [14, -0.73397, 0.99551],
			"to": [15, 0.01603, 1.99551],
			"rotation": {"angle": 0, "axis": "x", "origin": [8.75, 1.39103, 8.42051]},
			"faces": {
				"north": {"uv": [14, 14, 15, 14.75], "texture": "#0", "cullface": "down"},
				"east": {"uv": [14, 14, 15, 14.75], "rotation": 270, "texture": "#0", "cullface": "down"},
				"south": {"uv": [14, 14, 15, 14.75], "rotation": 180, "texture": "#0", "cullface": "down"},
				"west": {"uv": [14, 14, 15, 14.75], "rotation": 90, "texture": "#0", "cullface": "down"},
				"down": {"uv": [14, 14, 15, 14.75], "texture": "#0", "cullface": "down"}
			}
		},
		{
			"from": [15.375, 1, 0.925],
			"to": [16.125, 2, 1.925],
			"rotation": {"angle": 0, "axis": "y", "origin": [7.25, 7.575, -0.375]},
			"faces": {
				"north": {"uv": [14, 14, 15, 14.75], "texture": "#0", "cullface": "east"},
				"east": {"uv": [14, 14, 15, 14.75], "texture": "#0", "cullface": "east"},
				"south": {"uv": [14, 14, 15, 14.75], "texture": "#0", "cullface": "east"},
				"up": {"uv": [14, 14, 15, 14.75], "rotation": 90, "texture": "#0", "cullface": "east"},
				"down": {"uv": [14, 14, 15, 14.75], "rotation": 270, "texture": "#0", "cullface": "east"}
			}
		},
		{
			"from": [-0.61859, 1, 13.99808],
			"to": [0.13141, 2, 14.99808],
			"rotation": {"angle": 0, "axis": "y", "origin": [8.16667, 7.73077, 8.21474]},
			"faces": {
				"north": {"uv": [14, 14, 15, 14.75], "texture": "#0", "cullface": "west"},
				"south": {"uv": [14, 14, 15, 14.75], "texture": "#0", "cullface": "west"},
				"west": {"uv": [14, 14, 15, 14.75], "texture": "#0", "cullface": "west"},
				"up": {"uv": [14, 14, 15, 14.75], "rotation": 270, "texture": "#0", "cullface": "west"},
				"down": {"uv": [14, 14, 15, 14.75], "rotation": 90, "texture": "#0", "cullface": "west"}
			}
		},
		{
			"from": [8, 3, -0.75],
			"to": [9, 4, 0],
			"faces": {
				"north": {"uv": [7, 12, 8, 12.75], "texture": "#0", "cullface": "north"},
				"east": {"uv": [7, 12, 8, 12.75], "texture": "#0", "cullface": "north"},
				"west": {"uv": [7, 12, 8, 12.75], "texture": "#0", "cullface": "north"},
				"up": {"uv": [7, 12, 8, 12.75], "texture": "#0", "cullface": "north"},
				"down": {"uv": [7, 12, 8, 12.75], "texture": "#0", "cullface": "north"}
			}
		},
		{
			"from": [15.88141, 3, 7.99808],
			"to": [16.63141, 4, 8.99808],
			"rotation": {"angle": 0, "axis": "y", "origin": [8.16667, 7.73077, 8.21474]},
			"faces": {
				"north": {"uv": [7, 12, 8, 12.75], "texture": "#0", "cullface": "east"},
				"east": {"uv": [7, 12, 8, 12.75], "texture": "#0", "cullface": "east"},
				"south": {"uv": [7, 12, 8, 12.75], "texture": "#0", "cullface": "east"},
				"up": {"uv": [7, 12, 8, 12.75], "rotation": 90, "texture": "#0", "cullface": "east"},
				"down": {"uv": [7, 12, 8, 12.75], "rotation": 270, "texture": "#0", "cullface": "east"}
			}
		},
		{
			"from": [7, 3, 16],
			"to": [8, 4, 16.75],
			"rotation": {"angle": 0, "axis": "y", "origin": [7.25, 7.575, -0.375]},
			"faces": {
				"east": {"uv": [7, 12, 8, 12.75], "texture": "#0", "cullface": "south"},
				"south": {"uv": [7, 12, 8, 12.75], "texture": "#0", "cullface": "south"},
				"west": {"uv": [7, 12, 8, 12.75], "texture": "#0", "cullface": "south"},
				"up": {"uv": [7, 12, 8, 12.75], "rotation": 180, "texture": "#0", "cullface": "south"},
				"down": {"uv": [7, 12, 8, 12.75], "rotation": 180, "texture": "#0", "cullface": "south"}
			}
		},
		{
			"from": [7, 15.96603, 11.99551],
			"to": [8, 16.71603, 12.99551],
			"rotation": {"angle": 0, "axis": "x", "origin": [8.16667, 7.73077, 8.21474]},
			"faces": {
				"north": {"uv": [7, 12, 8, 12.75], "texture": "#0", "cullface": "up"},
				"east": {"uv": [7, 12, 8, 12.75], "rotation": 90, "texture": "#0", "cullface": "up"},
				"south": {"uv": [7, 12, 8, 12.75], "rotation": 180, "texture": "#0", "cullface": "up"},
				"west": {"uv": [7, 12, 8, 12.75], "rotation": 270, "texture": "#0", "cullface": "up"},
				"up": {"uv": [7, 12, 8, 12.75], "texture": "#0", "cullface": "up"}
			}
		},
		{
			"from": [7, -0.73397, 2.99551],
			"to": [8, 0.01603, 3.99551],
			"rotation": {"angle": 0, "axis": "x", "origin": [8.75, 1.39103, 8.42051]},
			"faces": {
				"north": {"uv": [7, 12, 8, 12.75], "texture": "#0", "cullface": "down"},
				"east": {"uv": [7, 12, 8, 12.75], "rotation": 270, "texture": "#0", "cullface": "down"},
				"south": {"uv": [7, 12, 8, 12.75], "rotation": 180, "texture": "#0", "cullface": "down"},
				"west": {"uv": [7, 12, 8, 12.75], "rotation": 90, "texture": "#0", "cullface": "down"},
				"down": {"uv": [7, 12, 8, 12.75], "texture": "#0", "cullface": "down"}
			}
		},
		{
			"from": [-0.61859, 3, 6.99808],
			"to": [0.13141, 4, 7.99808],
			"rotation": {"angle": 0, "axis": "y", "origin": [8.16667, 7.73077, 8.21474]},
			"faces": {
				"north": {"uv": [7, 12, 8, 12.75], "texture": "#0", "cullface": "west"},
				"south": {"uv": [7, 12, 8, 12.75], "texture": "#0", "cullface": "west"},
				"west": {"uv": [7, 12, 8, 12.75], "texture": "#0", "cullface": "west"},
				"up": {"uv": [7, 12, 8, 12.75], "rotation": 270, "texture": "#0", "cullface": "west"},
				"down": {"uv": [7, 12, 8, 12.75], "rotation": 90, "texture": "#0", "cullface": "west"}
			}
		},
		{
			"from": [9, 7, -0.75],
			"to": [10, 9, 0],
			"faces": {
				"north": {"uv": [6, 7, 6.75, 9], "texture": "#0", "cullface": "north"},
				"east": {"uv": [6, 7, 6.75, 9], "texture": "#0", "cullface": "north"},
				"west": {"uv": [6, 7, 6.75, 9], "texture": "#0", "cullface": "north"},
				"down": {"uv": [6, 8, 7, 8.75], "texture": "#0", "cullface": "north"}
			}
		},
		{
			"from": [15.88141, 7, 8.99808],
			"to": [16.63141, 9, 9.99808],
			"rotation": {"angle": 0, "axis": "y", "origin": [8.16667, 7.73077, 8.21474]},
			"faces": {
				"north": {"uv": [6, 7, 6.75, 9], "texture": "#0", "cullface": "east"},
				"east": {"uv": [6, 7, 6.75, 9], "texture": "#0", "cullface": "east"},
				"south": {"uv": [6, 7, 6.75, 9], "texture": "#0", "cullface": "east"},
				"down": {"uv": [6, 8, 7, 8.75], "rotation": 270, "texture": "#0", "cullface": "east"}
			}
		},
		{
			"from": [6, 7, 16],
			"to": [7, 9, 16.75],
			"rotation": {"angle": 0, "axis": "y", "origin": [7.25, 7.575, -0.375]},
			"faces": {
				"east": {"uv": [6, 7, 6.75, 9], "texture": "#0", "cullface": "south"},
				"south": {"uv": [6, 7, 6.75, 9], "texture": "#0", "cullface": "south"},
				"west": {"uv": [6, 7, 6.75, 9], "texture": "#0", "cullface": "south"},
				"down": {"uv": [6, 8, 7, 8.75], "rotation": 180, "texture": "#0", "cullface": "south"}
			}
		},
		{
			"from": [6, 15.96603, 6.99551],
			"to": [7, 16.71603, 8.99551],
			"rotation": {"angle": 0, "axis": "x", "origin": [8.16667, 7.73077, 8.21474]},
			"faces": {
				"east": {"uv": [6, 7, 6.75, 9], "rotation": 90, "texture": "#0", "cullface": "up"},
				"south": {"uv": [6, 8, 7, 8.75], "rotation": 180, "texture": "#0", "cullface": "up"},
				"west": {"uv": [6, 7, 6.75, 9], "rotation": 270, "texture": "#0", "cullface": "up"},
				"up": {"uv": [6, 7, 6.75, 9], "texture": "#0", "cullface": "up"}
			}
		},
		{
			"from": [6, -0.73397, 6.99551],
			"to": [7, 0.01603, 8.99551],
			"rotation": {"angle": 0, "axis": "x", "origin": [8.75, 1.39103, 8.42051]},
			"faces": {
				"north": {"uv": [6, 8, 7, 8.75], "texture": "#0", "cullface": "down"},
				"east": {"uv": [6, 7, 6.75, 9], "rotation": 270, "texture": "#0", "cullface": "down"},
				"west": {"uv": [6, 7, 6.75, 9], "rotation": 90, "texture": "#0", "cullface": "down"},
				"down": {"uv": [6, 7, 6.75, 9], "texture": "#0", "cullface": "down"}
			}
		},
		{
			"from": [-0.61859, 7, 5.99808],
			"to": [0.13141, 9, 6.99808],
			"rotation": {"angle": 0, "axis": "y", "origin": [8.16667, 7.73077, 8.21474]},
			"faces": {
				"north": {"uv": [6, 7, 6.75, 9], "texture": "#0", "cullface": "west"},
				"south": {"uv": [6, 7, 6.75, 9], "texture": "#0", "cullface": "west"},
				"west": {"uv": [6, 7, 6.75, 9], "texture": "#0", "cullface": "west"},
				"down": {"uv": [6, 8, 7, 8.75], "rotation": 90, "texture": "#0", "cullface": "west"}
			}
		},
		{
			"from": [7, 12, -0.75],
			"to": [10, 13, 0],
			"faces": {
				"north": {"uv": [6, 3, 9, 4], "texture": "#0", "cullface": "north"},
				"east": {"uv": [6, 3, 6.75, 4], "texture": "#0", "cullface": "north"},
				"west": {"uv": [8, 3, 8.75, 4], "texture": "#0", "cullface": "north"},
				"up": {"uv": [6, 3, 9, 3.75], "texture": "#0", "cullface": "north"}
			}
		},
		{
			"from": [15.88141, 12, 6.99808],
			"to": [16.63141, 13, 9.99808],
			"rotation": {"angle": 0, "axis": "y", "origin": [8.16667, 7.73077, 8.21474]},
			"faces": {
				"north": {"uv": [8, 3, 8.75, 4], "texture": "#0", "cullface": "east"},
				"east": {"uv": [6, 3, 9, 4], "texture": "#0", "cullface": "east"},
				"south": {"uv": [6, 3, 6.75, 4], "texture": "#0", "cullface": "east"},
				"up": {"uv": [6, 3, 9, 3.75], "rotation": 90, "texture": "#0", "cullface": "east"}
			}
		},
		{
			"from": [6, 12, 16],
			"to": [9, 13, 16.75],
			"rotation": {"angle": 0, "axis": "y", "origin": [7.25, 7.575, -0.375]},
			"faces": {
				"east": {"uv": [8, 3, 8.75, 4], "texture": "#0", "cullface": "south"},
				"south": {"uv": [6, 3, 9, 4], "texture": "#0", "cullface": "south"},
				"west": {"uv": [6, 3, 6.75, 4], "texture": "#0", "cullface": "south"},
				"up": {"uv": [6, 3, 9, 3.75], "rotation": 180, "texture": "#0", "cullface": "south"}
			}
		},
		{
			"from": [6, 15.96603, 2.99551],
			"to": [9, 16.71603, 3.99551],
			"rotation": {"angle": 0, "axis": "x", "origin": [8.16667, 7.68077, 8.21474]},
			"faces": {
				"north": {"uv": [6, 3, 9, 3.75], "texture": "#0", "cullface": "up"},
				"east": {"uv": [8, 3, 8.75, 4], "rotation": 90, "texture": "#0", "cullface": "up"},
				"west": {"uv": [6, 3, 6.75, 4], "rotation": 270, "texture": "#0", "cullface": "up"},
				"up": {"uv": [6, 3, 9, 4], "texture": "#0", "cullface": "up"}
			}
		},
		{
			"from": [6, -0.73397, 11.99551],
			"to": [9, 0.01603, 12.99551],
			"rotation": {"angle": 0, "axis": "x", "origin": [8.75, 1.39103, 8.42051]},
			"faces": {
				"east": {"uv": [8, 3, 8.75, 4], "rotation": 270, "texture": "#0", "cullface": "down"},
				"south": {"uv": [6, 3, 9, 3.75], "rotation": 180, "texture": "#0", "cullface": "down"},
				"west": {"uv": [6, 3, 6.75, 4], "rotation": 90, "texture": "#0", "cullface": "down"},
				"down": {"uv": [6, 3, 9, 4], "texture": "#0", "cullface": "down"}
			}
		},
		{
			"from": [-0.61859, 12, 5.99808],
			"to": [0.13141, 13, 8.99808],
			"rotation": {"angle": 0, "axis": "y", "origin": [8.16667, 7.73077, 8.21474]},
			"faces": {
				"north": {"uv": [6, 3, 6.75, 4], "texture": "#0", "cullface": "west"},
				"south": {"uv": [8, 3, 8.75, 4], "texture": "#0", "cullface": "west"},
				"west": {"uv": [6, 3, 9, 4], "texture": "#0", "cullface": "west"},
				"up": {"uv": [6, 3, 9, 3.75], "rotation": 270, "texture": "#0", "cullface": "west"}
			}
		},
		{
			"from": [8, 13, -0.75],
			"to": [9, 14, 0],
			"faces": {
				"north": {"uv": [7, 2, 8, 2.75], "texture": "#0", "cullface": "north"},
				"east": {"uv": [7, 2, 8, 2.75], "texture": "#0", "cullface": "north"},
				"west": {"uv": [7, 2, 8, 2.75], "texture": "#0", "cullface": "north"},
				"up": {"uv": [7, 2, 8, 2.75], "texture": "#0", "cullface": "north"}
			}
		},
		{
			"from": [15.88141, 13, 7.99808],
			"to": [16.63141, 14, 8.99808],
			"rotation": {"angle": 0, "axis": "y", "origin": [8.16667, 7.73077, 8.21474]},
			"faces": {
				"north": {"uv": [7, 2, 8, 2.75], "texture": "#0", "cullface": "east"},
				"east": {"uv": [7, 2, 8, 2.75], "texture": "#0", "cullface": "east"},
				"south": {"uv": [7, 2, 8, 2.75], "texture": "#0", "cullface": "east"},
				"up": {"uv": [7, 2, 8, 2.75], "rotation": 90, "texture": "#0", "cullface": "east"}
			}
		},
		{
			"from": [7, 13, 16],
			"to": [8, 14, 16.75],
			"rotation": {"angle": 0, "axis": "y", "origin": [7.25, 7.575, -0.375]},
			"faces": {
				"east": {"uv": [7, 2, 8, 2.75], "texture": "#0", "cullface": "south"},
				"south": {"uv": [7, 2, 8, 2.75], "texture": "#0", "cullface": "south"},
				"west": {"uv": [7, 2, 8, 2.75], "texture": "#0", "cullface": "south"},
				"up": {"uv": [7, 2, 8, 2.75], "rotation": 180, "texture": "#0", "cullface": "south"}
			}
		},
		{
			"from": [7, 15.96603, 1.99551],
			"to": [8, 16.71603, 2.99551],
			"rotation": {"angle": 0, "axis": "x", "origin": [8.16667, 7.73077, 8.21474]},
			"faces": {
				"north": {"uv": [7, 2, 8, 2.75], "texture": "#0", "cullface": "up"},
				"east": {"uv": [7, 2, 8, 2.75], "rotation": 90, "texture": "#0", "cullface": "up"},
				"west": {"uv": [7, 2, 8, 2.75], "rotation": 270, "texture": "#0", "cullface": "up"},
				"up": {"uv": [7, 2, 8, 2.75], "texture": "#0", "cullface": "up"}
			}
		},
		{
			"from": [7, -0.73397, 12.99551],
			"to": [8, 0.01603, 13.99551],
			"rotation": {"angle": 0, "axis": "x", "origin": [8.75, 1.39103, 8.42051]},
			"faces": {
				"east": {"uv": [7, 2, 8, 2.75], "rotation": 270, "texture": "#0", "cullface": "down"},
				"south": {"uv": [7, 2, 8, 2.75], "rotation": 180, "texture": "#0", "cullface": "down"},
				"west": {"uv": [7, 2, 8, 2.75], "rotation": 90, "texture": "#0", "cullface": "down"},
				"down": {"uv": [7, 2, 8, 2.75], "texture": "#0", "cullface": "down"}
			}
		},
		{
			"from": [-0.61859, 13, 6.99808],
			"to": [0.13141, 14, 7.99808],
			"rotation": {"angle": 0, "axis": "y", "origin": [8.16667, 7.73077, 8.21474]},
			"faces": {
				"north": {"uv": [7, 2, 8, 2.75], "texture": "#0", "cullface": "west"},
				"south": {"uv": [7, 2, 8, 2.75], "texture": "#0", "cullface": "west"},
				"west": {"uv": [7, 2, 8, 2.75], "texture": "#0", "cullface": "west"},
				"up": {"uv": [7, 2, 8, 2.75], "rotation": 270, "texture": "#0", "cullface": "west"}
			}
		},
		{
			"from": [11, 10, -0.75],
			"to": [12, 11, 0],
			"faces": {
				"north": {"uv": [4, 5, 5, 5.75], "texture": "#0", "cullface": "north"},
				"east": {"uv": [4, 5, 5, 5.75], "texture": "#0", "cullface": "north"},
				"up": {"uv": [4, 5, 5, 5.75], "texture": "#0", "cullface": "north"},
				"down": {"uv": [4, 5, 5, 5.75], "texture": "#0", "cullface": "north"}
			}
		},
		{
			"from": [15.88141, 10, 10.99808],
			"to": [16.63141, 11, 11.99808],
			"rotation": {"angle": 0, "axis": "y", "origin": [8.16667, 7.73077, 8.21474]},
			"faces": {
				"east": {"uv": [4, 5, 5, 5.75], "texture": "#0", "cullface": "east"},
				"south": {"uv": [4, 5, 5, 5.75], "texture": "#0", "cullface": "east"},
				"up": {"uv": [4, 5, 5, 5.75], "rotation": 90, "texture": "#0", "cullface": "east"},
				"down": {"uv": [4, 5, 5, 5.75], "rotation": 270, "texture": "#0", "cullface": "east"}
			}
		},
		{
			"from": [4, 10, 16],
			"to": [5, 11, 16.75],
			"rotation": {"angle": 0, "axis": "y", "origin": [7.25, 7.575, -0.375]},
			"faces": {
				"south": {"uv": [4, 5, 5, 5.75], "texture": "#0", "cullface": "south"},
				"west": {"uv": [4, 5, 5, 5.75], "texture": "#0", "cullface": "south"},
				"up": {"uv": [4, 5, 5, 5.75], "rotation": 180, "texture": "#0", "cullface": "south"},
				"down": {"uv": [4, 5, 5, 5.75], "rotation": 180, "texture": "#0", "cullface": "south"}
			}
		},
		{
			"from": [4, 15.96603, 4.99551],
			"to": [5, 16.71603, 5.99551],
			"rotation": {"angle": 0, "axis": "x", "origin": [8.16667, 7.73077, 8.21474]},
			"faces": {
				"north": {"uv": [4, 5, 5, 5.75], "texture": "#0", "cullface": "up"},
				"south": {"uv": [4, 5, 5, 5.75], "rotation": 180, "texture": "#0", "cullface": "up"},
				"west": {"uv": [4, 5, 5, 5.75], "rotation": 270, "texture": "#0", "cullface": "up"},
				"up": {"uv": [4, 5, 5, 5.75], "texture": "#0", "cullface": "up"}
			}
		},
		{
			"from": [4, -0.73397, 9.99551],
			"to": [5, 0.01603, 10.99551],
			"rotation": {"angle": 0, "axis": "x", "origin": [8.75, 1.39103, 8.42051]},
			"faces": {
				"north": {"uv": [4, 5, 5, 5.75], "texture": "#0", "cullface": "down"},
				"south": {"uv": [4, 5, 5, 5.75], "rotation": 180, "texture": "#0", "cullface": "down"},
				"west": {"uv": [4, 5, 5, 5.75], "rotation": 90, "texture": "#0", "cullface": "down"},
				"down": {"uv": [4, 5, 5, 5.75], "texture": "#0", "cullface": "down"}
			}
		},
		{
			"from": [-0.61859, 10, 3.99808],
			"to": [0.13141, 11, 4.99808],
			"rotation": {"angle": 0, "axis": "y", "origin": [8.16667, 7.73077, 8.21474]},
			"faces": {
				"north": {"uv": [4, 5, 5, 5.75], "texture": "#0", "cullface": "west"},
				"west": {"uv": [4, 5, 5, 5.75], "texture": "#0", "cullface": "west"},
				"up": {"uv": [4, 5, 5, 5.75], "rotation": 270, "texture": "#0", "cullface": "west"},
				"down": {"uv": [4, 5, 5, 5.75], "rotation": 90, "texture": "#0", "cullface": "west"}
			}
		},
		{
			"from": [7, 9, -0.75],
			"to": [11, 12, 0],
			"faces": {
				"north": {"uv": [5, 4, 9, 7], "texture": "#0", "cullface": "north"},
				"east": {"uv": [5, 4, 5.75, 7], "texture": "#0", "cullface": "north"},
				"west": {"uv": [8, 4, 8.75, 7], "texture": "#0", "cullface": "north"},
				"up": {"uv": [5, 4, 9, 4.75], "texture": "#0", "cullface": "north"},
				"down": {"uv": [5, 6, 9, 6.75], "texture": "#0", "cullface": "north"}
			}
		},
		{
			"from": [15.88141, 9, 6.99808],
			"to": [16.63141, 12, 10.99808],
			"rotation": {"angle": 0, "axis": "y", "origin": [8.16667, 7.73077, 8.21474]},
			"faces": {
				"north": {"uv": [8, 4, 8.75, 7], "texture": "#0", "cullface": "east"},
				"east": {"uv": [5, 4, 9, 7], "texture": "#0", "cullface": "east"},
				"south": {"uv": [5, 4, 5.75, 7], "texture": "#0", "cullface": "east"},
				"up": {"uv": [5, 4, 9, 4.75], "rotation": 90, "texture": "#0", "cullface": "east"},
				"down": {"uv": [5, 6, 9, 6.75], "rotation": 270, "texture": "#0", "cullface": "east"}
			}
		},
		{
			"from": [5, 9, 16],
			"to": [9, 12, 16.75],
			"rotation": {"angle": 0, "axis": "y", "origin": [7.25, 7.575, -0.375]},
			"faces": {
				"east": {"uv": [8, 4, 8.75, 7], "texture": "#0", "cullface": "south"},
				"south": {"uv": [5, 4, 9, 7], "texture": "#0", "cullface": "south"},
				"west": {"uv": [5, 4, 5.75, 7], "texture": "#0", "cullface": "south"},
				"up": {"uv": [5, 4, 9, 4.75], "rotation": 180, "texture": "#0", "cullface": "south"},
				"down": {"uv": [5, 6, 9, 6.75], "rotation": 180, "texture": "#0", "cullface": "south"}
			}
		},
		{
			"from": [5, 15.96603, 3.99551],
			"to": [9, 16.71603, 6.99551],
			"rotation": {"angle": 0, "axis": "x", "origin": [8.16667, 7.73077, 8.21474]},
			"faces": {
				"north": {"uv": [5, 4, 9, 4.75], "texture": "#0", "cullface": "up"},
				"east": {"uv": [8, 4, 8.75, 7], "rotation": 90, "texture": "#0", "cullface": "up"},
				"south": {"uv": [5, 6, 9, 6.75], "rotation": 180, "texture": "#0", "cullface": "up"},
				"west": {"uv": [5, 4, 5.75, 7], "rotation": 270, "texture": "#0", "cullface": "up"},
				"up": {"uv": [5, 4, 9, 7], "texture": "#0", "cullface": "up"}
			}
		},
		{
			"from": [5, -0.73397, 8.99551],
			"to": [9, 0.01603, 11.99551],
			"rotation": {"angle": 0, "axis": "x", "origin": [8.75, 1.39103, 8.42051]},
			"faces": {
				"north": {"uv": [5, 6, 9, 6.75], "texture": "#0", "cullface": "down"},
				"east": {"uv": [8, 4, 8.75, 7], "rotation": 270, "texture": "#0", "cullface": "down"},
				"south": {"uv": [5, 4, 9, 4.75], "rotation": 180, "texture": "#0", "cullface": "down"},
				"west": {"uv": [5, 4, 5.75, 7], "rotation": 90, "texture": "#0", "cullface": "down"},
				"down": {"uv": [5, 4, 9, 7], "texture": "#0", "cullface": "down"}
			}
		},
		{
			"from": [-0.61859, 9, 4.99808],
			"to": [0.13141, 12, 8.99808],
			"rotation": {"angle": 0, "axis": "y", "origin": [8.16667, 7.73077, 8.21474]},
			"faces": {
				"north": {"uv": [5, 4, 5.75, 7], "texture": "#0", "cullface": "west"},
				"south": {"uv": [8, 4, 8.75, 7], "texture": "#0", "cullface": "west"},
				"west": {"uv": [5, 4, 9, 7], "texture": "#0", "cullface": "west"},
				"up": {"uv": [5, 4, 9, 4.75], "rotation": 270, "texture": "#0", "cullface": "west"},
				"down": {"uv": [5, 6, 9, 6.75], "rotation": 90, "texture": "#0", "cullface": "west"}
			}
		},
		{
			"from": [11, 14, -0.75],
			"to": [12, 15, 0],
			"faces": {
				"north": {"uv": [4, 1, 5, 1.75], "texture": "#0", "cullface": "north"},
				"east": {"uv": [4, 1, 5, 1.75], "texture": "#0", "cullface": "north"},
				"west": {"uv": [4, 1, 5, 1.75], "texture": "#0", "cullface": "north"},
				"up": {"uv": [4, 1, 5, 1.75], "texture": "#0", "cullface": "north"},
				"down": {"uv": [4, 1, 5, 1.75], "texture": "#0", "cullface": "north"}
			}
		},
		{
			"from": [15.88141, 14, 10.99808],
			"to": [16.63141, 15, 11.99808],
			"rotation": {"angle": 0, "axis": "y", "origin": [8.16667, 7.73077, 8.21474]},
			"faces": {
				"north": {"uv": [4, 1, 5, 1.75], "texture": "#0", "cullface": "east"},
				"east": {"uv": [4, 1, 5, 1.75], "texture": "#0", "cullface": "east"},
				"south": {"uv": [4, 1, 5, 1.75], "texture": "#0", "cullface": "east"},
				"up": {"uv": [4, 1, 5, 1.75], "rotation": 90, "texture": "#0", "cullface": "east"},
				"down": {"uv": [4, 1, 5, 1.75], "rotation": 270, "texture": "#0", "cullface": "east"}
			}
		},
		{
			"from": [4, 14, 16],
			"to": [5, 15, 16.75],
			"rotation": {"angle": 0, "axis": "y", "origin": [7.25, 7.575, -0.375]},
			"faces": {
				"east": {"uv": [4, 1, 5, 1.75], "texture": "#0", "cullface": "south"},
				"south": {"uv": [4, 1, 5, 1.75], "texture": "#0", "cullface": "south"},
				"west": {"uv": [4, 1, 5, 1.75], "texture": "#0", "cullface": "south"},
				"up": {"uv": [4, 1, 5, 1.75], "rotation": 180, "texture": "#0", "cullface": "south"},
				"down": {"uv": [4, 1, 5, 1.75], "rotation": 180, "texture": "#0", "cullface": "south"}
			}
		},
		{
			"from": [4, 15.96603, 0.99551],
			"to": [5, 16.71603, 1.99551],
			"rotation": {"angle": 0, "axis": "x", "origin": [8.16667, 7.73077, 8.21474]},
			"faces": {
				"north": {"uv": [4, 1, 5, 1.75], "texture": "#0", "cullface": "up"},
				"east": {"uv": [4, 1, 5, 1.75], "rotation": 90, "texture": "#0", "cullface": "up"},
				"south": {"uv": [4, 1, 5, 1.75], "rotation": 180, "texture": "#0", "cullface": "up"},
				"west": {"uv": [4, 1, 5, 1.75], "rotation": 270, "texture": "#0", "cullface": "up"},
				"up": {"uv": [4, 1, 5, 1.75], "texture": "#0", "cullface": "up"}
			}
		},
		{
			"from": [4, -0.73397, 13.99551],
			"to": [5, 0.01603, 14.99551],
			"rotation": {"angle": 0, "axis": "x", "origin": [8.75, 1.39103, 8.42051]},
			"faces": {
				"north": {"uv": [4, 1, 5, 1.75], "texture": "#0", "cullface": "down"},
				"east": {"uv": [4, 1, 5, 1.75], "rotation": 270, "texture": "#0", "cullface": "down"},
				"south": {"uv": [4, 1, 5, 1.75], "rotation": 180, "texture": "#0", "cullface": "down"},
				"west": {"uv": [4, 1, 5, 1.75], "rotation": 90, "texture": "#0", "cullface": "down"},
				"down": {"uv": [4, 1, 5, 1.75], "texture": "#0", "cullface": "down"}
			}
		},
		{
			"from": [-0.61859, 14, 3.99808],
			"to": [0.13141, 15, 4.99808],
			"rotation": {"angle": 0, "axis": "y", "origin": [8.16667, 7.73077, 8.21474]},
			"faces": {
				"north": {"uv": [4, 1, 5, 1.75], "texture": "#0", "cullface": "west"},
				"south": {"uv": [4, 1, 5, 1.75], "texture": "#0", "cullface": "west"},
				"west": {"uv": [4, 1, 5, 1.75], "texture": "#0", "cullface": "west"},
				"up": {"uv": [4, 1, 5, 1.75], "rotation": 270, "texture": "#0", "cullface": "west"},
				"down": {"uv": [4, 1, 5, 1.75], "rotation": 90, "texture": "#0", "cullface": "west"}
			}
		},
		{
			"from": [1, 8, -0.75],
			"to": [3, 9, 0],
			"faces": {
				"north": {"uv": [13, 7, 15, 8], "texture": "#0", "cullface": "north"},
				"east": {"uv": [13, 7, 13.75, 8], "texture": "#0", "cullface": "north"},
				"west": {"uv": [14, 7, 14.75, 8], "texture": "#0", "cullface": "north"},
				"up": {"uv": [13, 7, 15, 8], "rotation": 180, "texture": "#0", "cullface": "north"},
				"down": {"uv": [13, 7, 15, 8], "rotation": 180, "texture": "#0", "cullface": "north"}
			}
		},
		{
			"from": [15.88141, 8, 0.99808],
			"to": [16.63141, 9, 2.99808],
			"rotation": {"angle": 0, "axis": "y", "origin": [8.16667, 7.73077, 8.21474]},
			"faces": {
				"north": {"uv": [14, 7, 14.75, 8], "texture": "#0", "cullface": "east"},
				"east": {"uv": [13, 7, 15, 8], "texture": "#0", "cullface": "east"},
				"south": {"uv": [13, 7, 13.75, 8], "texture": "#0", "cullface": "east"},
				"up": {"uv": [13, 7, 15, 8], "rotation": 270, "texture": "#0", "cullface": "east"},
				"down": {"uv": [13, 7, 15, 8], "rotation": 90, "texture": "#0", "cullface": "east"}
			}
		},
		{
			"from": [13, 8, 16],
			"to": [15, 9, 16.75],
			"rotation": {"angle": 0, "axis": "y", "origin": [7.25, 7.575, -0.375]},
			"faces": {
				"east": {"uv": [14, 7, 14.75, 8], "texture": "#0", "cullface": "south"},
				"south": {"uv": [13, 7, 15, 8], "texture": "#0", "cullface": "south"},
				"west": {"uv": [13, 7, 13.75, 8], "texture": "#0", "cullface": "south"},
				"up": {"uv": [13, 7, 15, 8], "texture": "#0", "cullface": "south"},
				"down": {"uv": [13, 7, 15, 8], "texture": "#0", "cullface": "south"}
			}
		},
		{
			"from": [13, 15.96603, 6.99551],
			"to": [15, 16.71603, 7.99551],
			"rotation": {"angle": 0, "axis": "x", "origin": [8.16667, 7.73077, 8.21474]},
			"faces": {
				"north": {"uv": [13, 7, 15, 8], "rotation": 180, "texture": "#0", "cullface": "up"},
				"east": {"uv": [14, 7, 14.75, 8], "rotation": 90, "texture": "#0", "cullface": "up"},
				"south": {"uv": [13, 7, 15, 8], "texture": "#0", "cullface": "up"},
				"west": {"uv": [13, 7, 13.75, 8], "rotation": 270, "texture": "#0", "cullface": "up"},
				"up": {"uv": [13, 7, 15, 8], "texture": "#0", "cullface": "up"}
			}
		},
		{
			"from": [13, -0.73397, 7.99551],
			"to": [15, 0.01603, 8.99551],
			"rotation": {"angle": 0, "axis": "x", "origin": [8.75, 1.39103, 8.42051]},
			"faces": {
				"north": {"uv": [13, 7, 15, 8], "rotation": 180, "texture": "#0", "cullface": "down"},
				"east": {"uv": [14, 7, 14.75, 8], "rotation": 270, "texture": "#0", "cullface": "down"},
				"south": {"uv": [13, 7, 15, 8], "texture": "#0", "cullface": "down"},
				"west": {"uv": [13, 7, 13.75, 8], "rotation": 90, "texture": "#0", "cullface": "down"},
				"down": {"uv": [13, 7, 15, 8], "texture": "#0", "cullface": "down"}
			}
		},
		{
			"from": [-0.61859, 8, 12.99808],
			"to": [0.13141, 9, 14.99808],
			"rotation": {"angle": 0, "axis": "y", "origin": [8.16667, 7.73077, 8.21474]},
			"faces": {
				"north": {"uv": [13, 7, 13.75, 8], "texture": "#0", "cullface": "west"},
				"south": {"uv": [14, 7, 14.75, 8], "texture": "#0", "cullface": "west"},
				"west": {"uv": [13, 7, 15, 8], "texture": "#0", "cullface": "west"},
				"up": {"uv": [13, 7, 15, 8], "rotation": 90, "texture": "#0", "cullface": "west"},
				"down": {"uv": [13, 7, 15, 8], "rotation": 270, "texture": "#0", "cullface": "west"}
			}
		},
		{
			"from": [2, 11, -0.75],
			"to": [4, 13, 0],
			"faces": {
				"north": {"uv": [12, 3, 14, 5], "texture": "#0", "cullface": "north"},
				"east": {"uv": [12, 3, 12.75, 5], "texture": "#0", "cullface": "north"},
				"west": {"uv": [13, 3, 13.75, 5], "texture": "#0", "cullface": "north"},
				"up": {"uv": [12, 3, 14, 3.75], "rotation": 180, "texture": "#0", "cullface": "north"},
				"down": {"uv": [12, 4, 14, 4.75], "texture": "#0", "cullface": "north"}
			}
		},
		{
			"from": [15.88141, 11, 1.99808],
			"to": [16.63141, 13, 3.99808],
			"rotation": {"angle": 0, "axis": "y", "origin": [8.16667, 7.73077, 8.21474]},
			"faces": {
				"north": {"uv": [13, 3, 13.75, 5], "texture": "#0", "cullface": "east"},
				"east": {"uv": [12, 3, 14, 5], "texture": "#0", "cullface": "east"},
				"south": {"uv": [12, 3, 12.75, 5], "texture": "#0", "cullface": "east"},
				"up": {"uv": [12, 3, 14, 3.75], "rotation": 270, "texture": "#0", "cullface": "east"},
				"down": {"uv": [12, 4, 14, 4.75], "rotation": 270, "texture": "#0", "cullface": "east"}
			}
		},
		{
			"from": [12, 11, 16],
			"to": [14, 13, 16.75],
			"rotation": {"angle": 0, "axis": "y", "origin": [7.25, 7.575, -0.375]},
			"faces": {
				"east": {"uv": [13, 3, 13.75, 5], "texture": "#0", "cullface": "south"},
				"south": {"uv": [12, 3, 14, 5], "texture": "#0", "cullface": "south"},
				"west": {"uv": [12, 3, 12.75, 5], "texture": "#0", "cullface": "south"},
				"up": {"uv": [12, 3, 14, 3.75], "texture": "#0", "cullface": "south"},
				"down": {"uv": [12, 4, 14, 4.75], "rotation": 180, "texture": "#0", "cullface": "south"}
			}
		},
		{
			"from": [12, 15.96603, 2.99551],
			"to": [14, 16.71603, 4.99551],
			"rotation": {"angle": 0, "axis": "x", "origin": [8.16667, 7.73077, 8.21474]},
			"faces": {
				"north": {"uv": [12, 3, 14, 3.75], "rotation": 180, "texture": "#0", "cullface": "up"},
				"east": {"uv": [13, 3, 13.75, 5], "rotation": 90, "texture": "#0", "cullface": "up"},
				"south": {"uv": [12, 4, 14, 4.75], "rotation": 180, "texture": "#0", "cullface": "up"},
				"west": {"uv": [12, 3, 12.75, 5], "rotation": 270, "texture": "#0", "cullface": "up"},
				"up": {"uv": [12, 3, 14, 5], "texture": "#0", "cullface": "up"}
			}
		},
		{
			"from": [12, -0.73397, 10.99551],
			"to": [14, 0.01603, 12.99551],
			"rotation": {"angle": 0, "axis": "x", "origin": [8.75, 1.39103, 8.42051]},
			"faces": {
				"north": {"uv": [12, 4, 14, 4.75], "texture": "#0", "cullface": "down"},
				"east": {"uv": [13, 3, 13.75, 5], "rotation": 270, "texture": "#0", "cullface": "down"},
				"south": {"uv": [12, 3, 14, 3.75], "texture": "#0", "cullface": "down"},
				"west": {"uv": [12, 3, 12.75, 5], "rotation": 90, "texture": "#0", "cullface": "down"},
				"down": {"uv": [12, 3, 14, 5], "texture": "#0", "cullface": "down"}
			}
		},
		{
			"from": [-0.61859, 11, 11.99808],
			"to": [0.13141, 13, 13.99808],
			"rotation": {"angle": 0, "axis": "y", "origin": [8.16667, 7.73077, 8.21474]},
			"faces": {
				"north": {"uv": [12, 3, 12.75, 5], "texture": "#0", "cullface": "west"},
				"south": {"uv": [13, 3, 13.75, 5], "texture": "#0", "cullface": "west"},
				"west": {"uv": [12, 3, 14, 5], "texture": "#0", "cullface": "west"},
				"up": {"uv": [12, 3, 14, 3.75], "rotation": 90, "texture": "#0", "cullface": "west"},
				"down": {"uv": [12, 4, 14, 4.75], "rotation": 90, "texture": "#0", "cullface": "west"}
			}
		},
		{
			"from": [1, 13, -0.75],
			"to": [3, 14, 0],
			"faces": {
				"north": {"uv": [13, 2, 15, 3], "texture": "#0", "cullface": "north"},
				"east": {"uv": [13, 2, 13.75, 3], "texture": "#0", "cullface": "north"},
				"west": {"uv": [14, 2, 14.75, 3], "texture": "#0", "cullface": "north"},
				"up": {"uv": [13, 2, 15, 3], "rotation": 180, "texture": "#0", "cullface": "north"}
			}
		},
		{
			"from": [15.88141, 13, 0.99808],
			"to": [16.63141, 14, 2.99808],
			"rotation": {"angle": 0, "axis": "y", "origin": [8.16667, 7.73077, 8.21474]},
			"faces": {
				"north": {"uv": [14, 2, 14.75, 3], "texture": "#0", "cullface": "east"},
				"east": {"uv": [13, 2, 15, 3], "texture": "#0", "cullface": "east"},
				"south": {"uv": [13, 2, 13.75, 3], "texture": "#0", "cullface": "east"},
				"up": {"uv": [13, 2, 15, 3], "rotation": 270, "texture": "#0", "cullface": "east"}
			}
		},
		{
			"from": [13, 13, 16],
			"to": [15, 14, 16.75],
			"rotation": {"angle": 0, "axis": "y", "origin": [7.25, 7.575, -0.375]},
			"faces": {
				"east": {"uv": [14, 2, 14.75, 3], "texture": "#0", "cullface": "south"},
				"south": {"uv": [13, 2, 15, 3], "texture": "#0", "cullface": "south"},
				"west": {"uv": [13, 2, 13.75, 3], "texture": "#0", "cullface": "south"},
				"up": {"uv": [13, 2, 15, 3], "texture": "#0", "cullface": "south"}
			}
		},
		{
			"from": [13, 15.96603, 1.99551],
			"to": [15, 16.71603, 2.99551],
			"rotation": {"angle": 0, "axis": "x", "origin": [8.16667, 7.73077, 8.21474]},
			"faces": {
				"north": {"uv": [13, 2, 15, 3], "rotation": 180, "texture": "#0", "cullface": "up"},
				"east": {"uv": [14, 2, 14.75, 3], "rotation": 90, "texture": "#0", "cullface": "up"},
				"west": {"uv": [13, 2, 13.75, 3], "rotation": 270, "texture": "#0", "cullface": "up"},
				"up": {"uv": [13, 2, 15, 3], "texture": "#0", "cullface": "up"}
			}
		},
		{
			"from": [13, -0.73397, 12.99551],
			"to": [15, 0.01603, 13.99551],
			"rotation": {"angle": 0, "axis": "x", "origin": [8.75, 1.39103, 8.42051]},
			"faces": {
				"east": {"uv": [14, 2, 14.75, 3], "rotation": 270, "texture": "#0", "cullface": "down"},
				"south": {"uv": [13, 2, 15, 3], "texture": "#0", "cullface": "down"},
				"west": {"uv": [13, 2, 13.75, 3], "rotation": 90, "texture": "#0", "cullface": "down"},
				"down": {"uv": [13, 2, 15, 3], "texture": "#0", "cullface": "down"}
			}
		},
		{
			"from": [-0.61859, 13, 12.99808],
			"to": [0.13141, 14, 14.99808],
			"rotation": {"angle": 0, "axis": "y", "origin": [8.16667, 7.73077, 8.21474]},
			"faces": {
				"north": {"uv": [13, 2, 13.75, 3], "texture": "#0", "cullface": "west"},
				"south": {"uv": [14, 2, 14.75, 3], "texture": "#0", "cullface": "west"},
				"west": {"uv": [13, 2, 15, 3], "texture": "#0", "cullface": "west"},
				"up": {"uv": [13, 2, 15, 3], "rotation": 90, "texture": "#0", "cullface": "west"}
			}
		},
		{
			"from": [1, 12, -0.75],
			"to": [2, 13, 0],
			"faces": {
				"north": {"uv": [14, 3, 15, 4], "texture": "#0", "cullface": "north"},
				"west": {"uv": [14, 3, 15, 4], "texture": "#0", "cullface": "north"},
				"down": {"uv": [14, 3, 15, 4], "texture": "#0", "cullface": "north"}
			}
		},
		{
			"from": [15.88141, 12, 0.99808],
			"to": [16.63141, 13, 1.99808],
			"rotation": {"angle": 0, "axis": "y", "origin": [8.16667, 7.73077, 8.21474]},
			"faces": {
				"north": {"uv": [14, 3, 15, 4], "texture": "#0", "cullface": "east"},
				"east": {"uv": [14, 3, 15, 4], "texture": "#0", "cullface": "east"},
				"down": {"uv": [14, 3, 15, 4], "rotation": 270, "texture": "#0", "cullface": "east"}
			}
		},
		{
			"from": [14, 12, 16],
			"to": [15, 13, 16.75],
			"rotation": {"angle": 0, "axis": "y", "origin": [7.25, 7.575, -0.375]},
			"faces": {
				"east": {"uv": [14, 3, 15, 4], "texture": "#0", "cullface": "south"},
				"south": {"uv": [14, 3, 15, 4], "texture": "#0", "cullface": "south"},
				"down": {"uv": [14, 3, 15, 4], "rotation": 180, "texture": "#0", "cullface": "south"}
			}
		},
		{
			"from": [14, 15.96603, 2.99551],
			"to": [15, 16.71603, 3.99551],
			"rotation": {"angle": 0, "axis": "x", "origin": [8.16667, 7.73077, 8.21474]},
			"faces": {
				"east": {"uv": [14, 3, 15, 4], "rotation": 90, "texture": "#0", "cullface": "up"},
				"south": {"uv": [14, 3, 15, 4], "rotation": 180, "texture": "#0", "cullface": "up"},
				"up": {"uv": [14, 3, 15, 4], "texture": "#0", "cullface": "up"}
			}
		},
		{
			"from": [14, -0.73397, 11.99551],
			"to": [15, 0.01603, 12.99551],
			"rotation": {"angle": 0, "axis": "x", "origin": [8.75, 1.39103, 8.42051]},
			"faces": {
				"north": {"uv": [14, 3, 15, 4], "texture": "#0", "cullface": "down"},
				"east": {"uv": [14, 3, 15, 4], "rotation": 270, "texture": "#0", "cullface": "down"},
				"down": {"uv": [14, 3, 15, 4], "texture": "#0", "cullface": "down"}
			}
		},
		{
			"from": [-0.61859, 12, 13.99808],
			"to": [0.13141, 13, 14.99808],
			"rotation": {"angle": 0, "axis": "y", "origin": [8.16667, 7.73077, 8.21474]},
			"faces": {
				"south": {"uv": [14, 3, 15, 4], "texture": "#0", "cullface": "west"},
				"west": {"uv": [14, 3, 15, 4], "texture": "#0", "cullface": "west"},
				"down": {"uv": [14, 3, 15, 4], "rotation": 90, "texture": "#0", "cullface": "west"}
			}
		},
		{
			"from": [12, 6, -0.75],
			"to": [14, 8, 0],
			"faces": {
				"north": {"uv": [2, 8, 4, 10], "texture": "#0", "cullface": "north"},
				"east": {"uv": [2, 8, 2.75, 10], "texture": "#0", "cullface": "north"},
				"west": {"uv": [3, 8, 3.75, 10], "texture": "#0", "cullface": "north"},
				"up": {"uv": [2, 8, 4, 8.75], "rotation": 180, "texture": "#0", "cullface": "north"},
				"down": {"uv": [2, 9, 4, 9.75], "rotation": 180, "texture": "#0", "cullface": "north"}
			}
		},
		{
			"from": [15.88141, 6, 11.99808],
			"to": [16.63141, 8, 13.99808],
			"rotation": {"angle": 0, "axis": "y", "origin": [8.16667, 7.73077, 8.21474]},
			"faces": {
				"north": {"uv": [3, 8, 3.75, 10], "texture": "#0", "cullface": "east"},
				"east": {"uv": [2, 8, 4, 10], "texture": "#0", "cullface": "east"},
				"south": {"uv": [2, 8, 2.75, 10], "texture": "#0", "cullface": "east"},
				"up": {"uv": [2, 8, 4, 8.75], "rotation": 270, "texture": "#0", "cullface": "east"},
				"down": {"uv": [2, 9, 4, 9.75], "rotation": 90, "texture": "#0", "cullface": "east"}
			}
		},
		{
			"from": [2, 6, 16],
			"to": [4, 8, 16.75],
			"rotation": {"angle": 0, "axis": "y", "origin": [7.25, 7.575, -0.375]},
			"faces": {
				"east": {"uv": [3, 8, 3.75, 10], "texture": "#0", "cullface": "south"},
				"south": {"uv": [2, 8, 4, 10], "texture": "#0", "cullface": "south"},
				"west": {"uv": [2, 8, 2.75, 10], "texture": "#0", "cullface": "south"},
				"up": {"uv": [2, 8, 4, 8.75], "texture": "#0", "cullface": "south"},
				"down": {"uv": [2, 9, 4, 9.75], "texture": "#0", "cullface": "south"}
			}
		},
		{
			"from": [2, 15.96603, 7.99551],
			"to": [4, 16.71603, 9.99551],
			"rotation": {"angle": 0, "axis": "x", "origin": [8.16667, 7.73077, 8.21474]},
			"faces": {
				"north": {"uv": [2, 8, 4, 8.75], "rotation": 180, "texture": "#0", "cullface": "up"},
				"east": {"uv": [3, 8, 3.75, 10], "rotation": 90, "texture": "#0", "cullface": "up"},
				"south": {"uv": [2, 9, 4, 9.75], "texture": "#0", "cullface": "up"},
				"west": {"uv": [2, 8, 2.75, 10], "rotation": 270, "texture": "#0", "cullface": "up"},
				"up": {"uv": [2, 8, 4, 10], "texture": "#0", "cullface": "up"}
			}
		},
		{
			"from": [2, -0.73397, 5.99551],
			"to": [4, 0.01603, 7.99551],
			"rotation": {"angle": 0, "axis": "x", "origin": [8.75, 1.39103, 8.42051]},
			"faces": {
				"north": {"uv": [2, 9, 4, 9.75], "rotation": 180, "texture": "#0", "cullface": "down"},
				"east": {"uv": [3, 8, 3.75, 10], "rotation": 270, "texture": "#0", "cullface": "down"},
				"south": {"uv": [2, 8, 4, 8.75], "texture": "#0", "cullface": "down"},
				"west": {"uv": [2, 8, 2.75, 10], "rotation": 90, "texture": "#0", "cullface": "down"},
				"down": {"uv": [2, 8, 4, 10], "texture": "#0", "cullface": "down"}
			}
		},
		{
			"from": [-0.61859, 6, 1.99808],
			"to": [0.13141, 8, 3.99808],
			"rotation": {"angle": 0, "axis": "y", "origin": [8.16667, 7.73077, 8.21474]},
			"faces": {
				"north": {"uv": [2, 8, 2.75, 10], "texture": "#0", "cullface": "west"},
				"south": {"uv": [3, 8, 3.75, 10], "texture": "#0", "cullface": "west"},
				"west": {"uv": [2, 8, 4, 10], "texture": "#0", "cullface": "west"},
				"up": {"uv": [2, 8, 4, 8.75], "rotation": 90, "texture": "#0", "cullface": "west"},
				"down": {"uv": [2, 9, 4, 9.75], "rotation": 270, "texture": "#0", "cullface": "west"}
			}
		},
		{
			"from": [4, 2, -0.75],
			"to": [6, 3, 0],
			"faces": {
				"north": {"uv": [10, 13, 12, 14], "texture": "#0", "cullface": "north"},
				"east": {"uv": [10, 13, 10.75, 14], "texture": "#0", "cullface": "north"},
				"west": {"uv": [11, 13, 11.75, 14], "texture": "#0", "cullface": "north"},
				"down": {"uv": [10, 13, 12, 14], "rotation": 180, "texture": "#0", "cullface": "north"}
			}
		},
		{
			"from": [15.88141, 2, 3.99808],
			"to": [16.63141, 3, 5.99808],
			"rotation": {"angle": 0, "axis": "y", "origin": [8.16667, 7.73077, 8.21474]},
			"faces": {
				"north": {"uv": [11, 13, 11.75, 14], "texture": "#0", "cullface": "east"},
				"east": {"uv": [10, 13, 12, 14], "texture": "#0", "cullface": "east"},
				"south": {"uv": [10, 13, 10.75, 14], "texture": "#0", "cullface": "east"},
				"down": {"uv": [10, 13, 12, 14], "rotation": 90, "texture": "#0", "cullface": "east"}
			}
		},
		{
			"from": [10, 2, 16],
			"to": [12, 3, 16.75],
			"rotation": {"angle": 0, "axis": "y", "origin": [7.25, 7.575, -0.375]},
			"faces": {
				"east": {"uv": [11, 13, 11.75, 14], "texture": "#0", "cullface": "south"},
				"south": {"uv": [10, 13, 12, 14], "texture": "#0", "cullface": "south"},
				"west": {"uv": [10, 13, 10.75, 14], "texture": "#0", "cullface": "south"},
				"down": {"uv": [10, 13, 12, 14], "texture": "#0", "cullface": "south"}
			}
		},
		{
			"from": [10, 15.96603, 12.99551],
			"to": [12, 16.71603, 13.99551],
			"rotation": {"angle": 0, "axis": "x", "origin": [8.16667, 7.73077, 8.21474]},
			"faces": {
				"east": {"uv": [11, 13, 11.75, 14], "rotation": 90, "texture": "#0", "cullface": "up"},
				"south": {"uv": [10, 13, 12, 14], "texture": "#0", "cullface": "up"},
				"west": {"uv": [10, 13, 10.75, 14], "rotation": 270, "texture": "#0", "cullface": "up"},
				"up": {"uv": [10, 13, 12, 14], "texture": "#0", "cullface": "up"}
			}
		},
		{
			"from": [10, -0.73397, 1.99551],
			"to": [12, 0.01603, 2.99551],
			"rotation": {"angle": 0, "axis": "x", "origin": [8.75, 1.39103, 8.42051]},
			"faces": {
				"north": {"uv": [10, 13, 12, 14], "rotation": 180, "texture": "#0", "cullface": "down"},
				"east": {"uv": [11, 13, 11.75, 14], "rotation": 270, "texture": "#0", "cullface": "down"},
				"west": {"uv": [10, 13, 10.75, 14], "rotation": 90, "texture": "#0", "cullface": "down"},
				"down": {"uv": [10, 13, 12, 14], "texture": "#0", "cullface": "down"}
			}
		},
		{
			"from": [-0.61859, 2, 9.99808],
			"to": [0.13141, 3, 11.99808],
			"rotation": {"angle": 0, "axis": "y", "origin": [8.16667, 7.73077, 8.21474]},
			"faces": {
				"north": {"uv": [10, 13, 10.75, 14], "texture": "#0", "cullface": "west"},
				"south": {"uv": [11, 13, 11.75, 14], "texture": "#0", "cullface": "west"},
				"west": {"uv": [10, 13, 12, 14], "texture": "#0", "cullface": "west"},
				"down": {"uv": [10, 13, 12, 14], "rotation": 270, "texture": "#0", "cullface": "west"}
			}
		},
		{
			"from": [3, 3, -0.75],
			"to": [6, 4, 0],
			"faces": {
				"north": {"uv": [10, 12, 13, 13], "texture": "#0", "cullface": "north"},
				"east": {"uv": [10, 12, 10.75, 13], "texture": "#0", "cullface": "north"},
				"west": {"uv": [12, 12, 12.75, 13], "texture": "#0", "cullface": "north"},
				"down": {"uv": [10, 12, 13, 13], "rotation": 180, "texture": "#0", "cullface": "north"}
			}
		},
		{
			"from": [15.88141, 3, 2.99808],
			"to": [16.63141, 4, 5.99808],
			"rotation": {"angle": 0, "axis": "y", "origin": [8.16667, 7.73077, 8.21474]},
			"faces": {
				"north": {"uv": [12, 12, 12.75, 13], "texture": "#0", "cullface": "east"},
				"east": {"uv": [10, 12, 13, 13], "texture": "#0", "cullface": "east"},
				"south": {"uv": [10, 12, 10.75, 13], "texture": "#0", "cullface": "east"},
				"down": {"uv": [10, 12, 13, 13], "rotation": 90, "texture": "#0", "cullface": "east"}
			}
		},
		{
			"from": [10, 3, 16],
			"to": [13, 4, 16.75],
			"rotation": {"angle": 0, "axis": "y", "origin": [7.25, 7.575, -0.375]},
			"faces": {
				"east": {"uv": [12, 12, 12.75, 13], "texture": "#0", "cullface": "south"},
				"south": {"uv": [10, 12, 13, 13], "texture": "#0", "cullface": "south"},
				"west": {"uv": [10, 12, 10.75, 13], "texture": "#0", "cullface": "south"},
				"down": {"uv": [10, 12, 13, 13], "texture": "#0", "cullface": "south"}
			}
		},
		{
			"from": [10, 15.96603, 11.99551],
			"to": [13, 16.71603, 12.99551],
			"rotation": {"angle": 0, "axis": "x", "origin": [8.16667, 7.73077, 8.21474]},
			"faces": {
				"east": {"uv": [12, 12, 12.75, 13], "rotation": 90, "texture": "#0", "cullface": "up"},
				"south": {"uv": [10, 12, 13, 13], "texture": "#0", "cullface": "up"},
				"west": {"uv": [10, 12, 10.75, 13], "rotation": 270, "texture": "#0", "cullface": "up"},
				"up": {"uv": [10, 12, 13, 13], "texture": "#0", "cullface": "up"}
			}
		},
		{
			"from": [10, -0.73397, 2.99551],
			"to": [13, 0.01603, 3.99551],
			"rotation": {"angle": 0, "axis": "x", "origin": [8.75, 1.39103, 8.42051]},
			"faces": {
				"north": {"uv": [10, 12, 13, 13], "rotation": 180, "texture": "#0", "cullface": "down"},
				"east": {"uv": [12, 12, 12.75, 13], "rotation": 270, "texture": "#0", "cullface": "down"},
				"west": {"uv": [10, 12, 10.75, 13], "rotation": 90, "texture": "#0", "cullface": "down"},
				"down": {"uv": [10, 12, 13, 13], "texture": "#0", "cullface": "down"}
			}
		},
		{
			"from": [-0.61859, 3, 9.99808],
			"to": [0.13141, 4, 12.99808],
			"rotation": {"angle": 0, "axis": "y", "origin": [8.16667, 7.73077, 8.21474]},
			"faces": {
				"north": {"uv": [10, 12, 10.75, 13], "texture": "#0", "cullface": "west"},
				"south": {"uv": [12, 12, 12.75, 13], "texture": "#0", "cullface": "west"},
				"west": {"uv": [10, 12, 13, 13], "texture": "#0", "cullface": "west"},
				"down": {"uv": [10, 12, 13, 13], "rotation": 270, "texture": "#0", "cullface": "west"}
			}
		},
		{
			"from": [3, 5, -0.75],
			"to": [6, 6, 0],
			"faces": {
				"north": {"uv": [10, 10, 13, 11], "texture": "#0", "cullface": "north"},
				"east": {"uv": [10, 10, 10.75, 11], "texture": "#0", "cullface": "north"},
				"west": {"uv": [12, 10, 12.75, 11], "texture": "#0", "cullface": "north"},
				"up": {"uv": [10, 10, 13, 11], "rotation": 180, "texture": "#0", "cullface": "north"}
			}
		},
		{
			"from": [15.88141, 5, 2.99808],
			"to": [16.63141, 6, 5.99808],
			"rotation": {"angle": 0, "axis": "y", "origin": [8.16667, 7.73077, 8.21474]},
			"faces": {
				"north": {"uv": [12, 10, 12.75, 11], "texture": "#0", "cullface": "east"},
				"east": {"uv": [10, 10, 13, 11], "texture": "#0", "cullface": "east"},
				"south": {"uv": [10, 10, 10.75, 11], "texture": "#0", "cullface": "east"},
				"up": {"uv": [10, 10, 13, 11], "rotation": 270, "texture": "#0", "cullface": "east"}
			}
		},
		{
			"from": [10, 5, 16],
			"to": [13, 6, 16.75],
			"rotation": {"angle": 0, "axis": "y", "origin": [7.25, 7.575, -0.375]},
			"faces": {
				"east": {"uv": [12, 10, 12.75, 11], "texture": "#0", "cullface": "south"},
				"south": {"uv": [10, 10, 13, 11], "texture": "#0", "cullface": "south"},
				"west": {"uv": [10, 10, 10.75, 11], "texture": "#0", "cullface": "south"},
				"up": {"uv": [10, 10, 13, 11], "texture": "#0", "cullface": "south"}
			}
		},
		{
			"from": [10, 15.96603, 9.99551],
			"to": [13, 16.71603, 10.99551],
			"rotation": {"angle": 0, "axis": "x", "origin": [8.16667, 7.73077, 8.21474]},
			"faces": {
				"north": {"uv": [10, 10, 13, 11], "rotation": 180, "texture": "#0", "cullface": "up"},
				"east": {"uv": [12, 10, 12.75, 11], "rotation": 90, "texture": "#0", "cullface": "up"},
				"west": {"uv": [10, 10, 10.75, 11], "rotation": 270, "texture": "#0", "cullface": "up"},
				"up": {"uv": [10, 10, 13, 11], "texture": "#0", "cullface": "up"}
			}
		},
		{
			"from": [10, -0.73397, 4.99551],
			"to": [13, 0.01603, 5.99551],
			"rotation": {"angle": 0, "axis": "x", "origin": [8.75, 1.39103, 8.42051]},
			"faces": {
				"east": {"uv": [12, 10, 12.75, 11], "rotation": 270, "texture": "#0", "cullface": "down"},
				"south": {"uv": [10, 10, 13, 11], "texture": "#0", "cullface": "down"},
				"west": {"uv": [10, 10, 10.75, 11], "rotation": 90, "texture": "#0", "cullface": "down"},
				"down": {"uv": [10, 10, 13, 11], "texture": "#0", "cullface": "down"}
			}
		},
		{
			"from": [-0.61859, 5, 9.99808],
			"to": [0.13141, 6, 12.99808],
			"rotation": {"angle": 0, "axis": "y", "origin": [8.16667, 7.73077, 8.21474]},
			"faces": {
				"north": {"uv": [10, 10, 10.75, 11], "texture": "#0", "cullface": "west"},
				"south": {"uv": [12, 10, 12.75, 11], "texture": "#0", "cullface": "west"},
				"west": {"uv": [10, 10, 13, 11], "texture": "#0", "cullface": "west"},
				"up": {"uv": [10, 10, 13, 11], "rotation": 90, "texture": "#0", "cullface": "west"}
			}
		},
		{
			"from": [1, 4, -0.75],
			"to": [7, 5, 0],
			"faces": {
				"north": {"uv": [9, 11, 15, 12], "texture": "#0", "cullface": "north"},
				"east": {"uv": [9, 11, 9.75, 12], "texture": "#0", "cullface": "north"},
				"west": {"uv": [14, 11, 14.75, 12], "texture": "#0", "cullface": "north"},
				"up": {"uv": [9, 11, 15, 12], "rotation": 180, "texture": "#0", "cullface": "north"},
				"down": {"uv": [9, 11, 15, 12], "rotation": 180, "texture": "#0", "cullface": "north"}
			}
		},
		{
			"from": [15.88141, 4, 0.99808],
			"to": [16.63141, 5, 6.99808],
			"rotation": {"angle": 0, "axis": "y", "origin": [8.16667, 7.73077, 8.21474]},
			"faces": {
				"north": {"uv": [14, 11, 14.75, 12], "texture": "#0", "cullface": "east"},
				"east": {"uv": [9, 11, 15, 12], "texture": "#0", "cullface": "east"},
				"south": {"uv": [9, 11, 9.75, 12], "texture": "#0", "cullface": "east"},
				"up": {"uv": [9, 11, 15, 12], "rotation": 270, "texture": "#0", "cullface": "east"},
				"down": {"uv": [9, 11, 15, 12], "rotation": 90, "texture": "#0", "cullface": "east"}
			}
		},
		{
			"from": [9, 4, 16],
			"to": [15, 5, 16.75],
			"rotation": {"angle": 0, "axis": "y", "origin": [7.25, 7.575, -0.375]},
			"faces": {
				"east": {"uv": [14, 11, 14.75, 12], "texture": "#0", "cullface": "south"},
				"south": {"uv": [9, 11, 15, 12], "texture": "#0", "cullface": "south"},
				"west": {"uv": [9, 11, 9.75, 12], "texture": "#0", "cullface": "south"},
				"up": {"uv": [9, 11, 15, 12], "texture": "#0", "cullface": "south"},
				"down": {"uv": [9, 11, 15, 12], "texture": "#0", "cullface": "south"}
			}
		},
		{
			"from": [9, 15.96603, 10.99551],
			"to": [15, 16.71603, 11.99551],
			"rotation": {"angle": 0, "axis": "x", "origin": [8.16667, 7.73077, 8.21474]},
			"faces": {
				"north": {"uv": [9, 11, 15, 12], "rotation": 180, "texture": "#0", "cullface": "up"},
				"east": {"uv": [14, 11, 14.75, 12], "rotation": 90, "texture": "#0", "cullface": "up"},
				"south": {"uv": [9, 11, 15, 12], "texture": "#0", "cullface": "up"},
				"west": {"uv": [9, 11, 9.75, 12], "rotation": 270, "texture": "#0", "cullface": "up"},
				"up": {"uv": [9, 11, 15, 12], "texture": "#0", "cullface": "up"}
			}
		},
		{
			"from": [9, -0.73397, 3.99551],
			"to": [15, 0.01603, 4.99551],
			"rotation": {"angle": 0, "axis": "x", "origin": [8.75, 1.39103, 8.42051]},
			"faces": {
				"north": {"uv": [9, 11, 15, 12], "rotation": 180, "texture": "#0", "cullface": "down"},
				"east": {"uv": [14, 11, 14.75, 12], "rotation": 270, "texture": "#0", "cullface": "down"},
				"south": {"uv": [9, 11, 15, 12], "texture": "#0", "cullface": "down"},
				"west": {"uv": [9, 11, 9.75, 12], "rotation": 90, "texture": "#0", "cullface": "down"},
				"down": {"uv": [9, 11, 15, 12], "texture": "#0", "cullface": "down"}
			}
		},
		{
			"from": [-0.61859, 4, 8.99808],
			"to": [0.13141, 5, 14.99808],
			"rotation": {"angle": 0, "axis": "y", "origin": [8.16667, 7.73077, 8.21474]},
			"faces": {
				"north": {"uv": [9, 11, 9.75, 12], "texture": "#0", "cullface": "west"},
				"south": {"uv": [14, 11, 14.75, 12], "texture": "#0", "cullface": "west"},
				"west": {"uv": [9, 11, 15, 12], "texture": "#0", "cullface": "west"},
				"up": {"uv": [9, 11, 15, 12], "rotation": 90, "texture": "#0", "cullface": "west"},
				"down": {"uv": [9, 11, 15, 12], "rotation": 270, "texture": "#0", "cullface": "west"}
			}
		},
		{
			"from": [11, 1, -0.75],
			"to": [13, 2, 0],
			"faces": {
				"north": {"uv": [3, 14, 5, 14.75], "texture": "#0", "cullface": "north"},
				"east": {"uv": [3, 14, 3.75, 15], "texture": "#0", "cullface": "north"},
				"west": {"uv": [4, 14, 4.75, 15], "texture": "#0", "cullface": "north"},
				"down": {"uv": [3, 14, 5, 14.75], "rotation": 180, "texture": "#0", "cullface": "north"}
			}
		},
		{
			"from": [15.88141, 1, 10.99808],
			"to": [16.63141, 2, 12.99808],
			"rotation": {"angle": 0, "axis": "y", "origin": [8.16667, 7.73077, 8.21474]},
			"faces": {
				"north": {"uv": [4, 14, 4.75, 15], "texture": "#0", "cullface": "east"},
				"east": {"uv": [3, 14, 5, 14.75], "texture": "#0", "cullface": "east"},
				"south": {"uv": [3, 14, 3.75, 15], "texture": "#0", "cullface": "east"},
				"down": {"uv": [3, 14, 5, 14.75], "rotation": 90, "texture": "#0", "cullface": "east"}
			}
		},
		{
			"from": [3, 1, 16],
			"to": [5, 2, 16.75],
			"rotation": {"angle": 0, "axis": "y", "origin": [7.25, 7.575, -0.375]},
			"faces": {
				"east": {"uv": [4, 14, 4.75, 15], "texture": "#0", "cullface": "south"},
				"south": {"uv": [3, 14, 5, 14.75], "texture": "#0", "cullface": "south"},
				"west": {"uv": [3, 14, 3.75, 15], "texture": "#0", "cullface": "south"},
				"down": {"uv": [3, 14, 5, 14.75], "texture": "#0", "cullface": "south"}
			}
		},
		{
			"from": [3, 15.96603, 13.99551],
			"to": [5, 16.71603, 14.99551],
			"rotation": {"angle": 0, "axis": "x", "origin": [8.16667, 7.73077, 8.21474]},
			"faces": {
				"east": {"uv": [4, 14, 4.75, 15], "rotation": 90, "texture": "#0", "cullface": "up"},
				"south": {"uv": [3, 14, 5, 14.75], "texture": "#0", "cullface": "up"},
				"west": {"uv": [3, 14, 3.75, 15], "rotation": 270, "texture": "#0", "cullface": "up"},
				"up": {"uv": [3, 14, 5, 14.75], "texture": "#0", "cullface": "up"}
			}
		},
		{
			"from": [3, -0.73397, 0.99551],
			"to": [5, 0.01603, 1.99551],
			"rotation": {"angle": 0, "axis": "x", "origin": [8.75, 1.39103, 8.42051]},
			"faces": {
				"north": {"uv": [3, 14, 5, 14.75], "rotation": 180, "texture": "#0", "cullface": "down"},
				"east": {"uv": [4, 14, 4.75, 15], "rotation": 270, "texture": "#0", "cullface": "down"},
				"west": {"uv": [3, 14, 3.75, 15], "rotation": 90, "texture": "#0", "cullface": "down"},
				"down": {"uv": [3, 14, 5, 14.75], "texture": "#0", "cullface": "down"}
			}
		},
		{
			"from": [-0.61859, 1, 2.99808],
			"to": [0.13141, 2, 4.99808],
			"rotation": {"angle": 0, "axis": "y", "origin": [8.16667, 7.73077, 8.21474]},
			"faces": {
				"north": {"uv": [3, 14, 3.75, 15], "texture": "#0", "cullface": "west"},
				"south": {"uv": [4, 14, 4.75, 15], "texture": "#0", "cullface": "west"},
				"west": {"uv": [3, 14, 5, 14.75], "texture": "#0", "cullface": "west"},
				"down": {"uv": [3, 14, 5, 14.75], "rotation": 270, "texture": "#0", "cullface": "west"}
			}
		},
		{
			"from": [11, 3, -0.75],
			"to": [14, 4, 0],
			"faces": {
				"north": {"uv": [2, 12, 5, 13], "texture": "#0", "cullface": "north"},
				"east": {"uv": [2, 12, 2.75, 13], "texture": "#0", "cullface": "north"},
				"west": {"uv": [4, 12, 4.75, 13], "texture": "#0", "cullface": "north"},
				"up": {"uv": [2, 12, 5, 13], "rotation": 180, "texture": "#0", "cullface": "north"}
			}
		},
		{
			"from": [15.88141, 3, 10.99808],
			"to": [16.63141, 4, 13.99808],
			"rotation": {"angle": 0, "axis": "y", "origin": [8.16667, 7.73077, 8.21474]},
			"faces": {
				"north": {"uv": [4, 12, 4.75, 13], "texture": "#0", "cullface": "east"},
				"east": {"uv": [2, 12, 5, 13], "texture": "#0", "cullface": "east"},
				"south": {"uv": [2, 12, 2.75, 13], "texture": "#0", "cullface": "east"},
				"up": {"uv": [2, 12, 5, 13], "rotation": 270, "texture": "#0", "cullface": "east"}
			}
		},
		{
			"from": [2, 3, 16],
			"to": [5, 4, 16.75],
			"rotation": {"angle": 0, "axis": "y", "origin": [7.25, 7.575, -0.375]},
			"faces": {
				"east": {"uv": [4, 12, 4.75, 13], "texture": "#0", "cullface": "south"},
				"south": {"uv": [2, 12, 5, 13], "texture": "#0", "cullface": "south"},
				"west": {"uv": [2, 12, 2.75, 13], "texture": "#0", "cullface": "south"},
				"up": {"uv": [2, 12, 5, 13], "texture": "#0", "cullface": "south"}
			}
		},
		{
			"from": [2, 15.96603, 11.99551],
			"to": [5, 16.71603, 12.99551],
			"rotation": {"angle": 0, "axis": "x", "origin": [8.16667, 7.73077, 8.21474]},
			"faces": {
				"north": {"uv": [2, 12, 5, 13], "rotation": 180, "texture": "#0", "cullface": "up"},
				"east": {"uv": [4, 12, 4.75, 13], "rotation": 90, "texture": "#0", "cullface": "up"},
				"west": {"uv": [2, 12, 2.75, 13], "rotation": 270, "texture": "#0", "cullface": "up"},
				"up": {"uv": [2, 12, 5, 13], "texture": "#0", "cullface": "up"}
			}
		},
		{
			"from": [2, -0.73397, 2.99551],
			"to": [5, 0.01603, 3.99551],
			"rotation": {"angle": 0, "axis": "x", "origin": [8.75, 1.39103, 8.42051]},
			"faces": {
				"east": {"uv": [4, 12, 4.75, 13], "rotation": 270, "texture": "#0", "cullface": "down"},
				"south": {"uv": [2, 12, 5, 13], "texture": "#0", "cullface": "down"},
				"west": {"uv": [2, 12, 2.75, 13], "rotation": 90, "texture": "#0", "cullface": "down"},
				"down": {"uv": [2, 12, 5, 13], "texture": "#0", "cullface": "down"}
			}
		},
		{
			"from": [-0.61859, 3, 1.99808],
			"to": [0.13141, 4, 4.99808],
			"rotation": {"angle": 0, "axis": "y", "origin": [8.16667, 7.73077, 8.21474]},
			"faces": {
				"north": {"uv": [2, 12, 2.75, 13], "texture": "#0", "cullface": "west"},
				"south": {"uv": [4, 12, 4.75, 13], "texture": "#0", "cullface": "west"},
				"west": {"uv": [2, 12, 5, 13], "texture": "#0", "cullface": "west"},
				"up": {"uv": [2, 12, 5, 13], "rotation": 90, "texture": "#0", "cullface": "west"}
			}
		},
		{
			"from": [10, 2, -0.75],
			"to": [15, 3, 0],
			"faces": {
				"north": {"uv": [1, 13, 6, 14], "texture": "#0", "cullface": "north"},
				"east": {"uv": [1, 13, 1.75, 14], "texture": "#0", "cullface": "north"},
				"west": {"uv": [5, 13, 5.75, 14], "texture": "#0", "cullface": "north"},
				"up": {"uv": [1, 13, 6, 14], "rotation": 180, "texture": "#0", "cullface": "north"},
				"down": {"uv": [1, 13, 6, 14], "rotation": 180, "texture": "#0", "cullface": "north"}
			}
		},
		{
			"from": [15.88141, 2, 9.99808],
			"to": [16.63141, 3, 14.99808],
			"rotation": {"angle": 0, "axis": "y", "origin": [8.16667, 7.73077, 8.21474]},
			"faces": {
				"north": {"uv": [5, 13, 5.75, 14], "texture": "#0", "cullface": "east"},
				"east": {"uv": [1, 13, 6, 14], "texture": "#0", "cullface": "east"},
				"south": {"uv": [1, 13, 1.75, 14], "texture": "#0", "cullface": "east"},
				"up": {"uv": [1, 13, 6, 14], "rotation": 270, "texture": "#0", "cullface": "east"},
				"down": {"uv": [1, 13, 6, 14], "rotation": 90, "texture": "#0", "cullface": "east"}
			}
		},
		{
			"from": [1, 2, 16],
			"to": [6, 3, 16.75],
			"rotation": {"angle": 0, "axis": "y", "origin": [7.25, 7.575, -0.375]},
			"faces": {
				"east": {"uv": [5, 13, 5.75, 14], "texture": "#0", "cullface": "south"},
				"south": {"uv": [1, 13, 6, 14], "texture": "#0", "cullface": "south"},
				"west": {"uv": [1, 13, 1.75, 14], "texture": "#0", "cullface": "south"},
				"up": {"uv": [1, 13, 6, 14], "texture": "#0", "cullface": "south"},
				"down": {"uv": [1, 13, 6, 14], "texture": "#0", "cullface": "south"}
			}
		},
		{
			"from": [1, 15.96603, 12.99551],
			"to": [6, 16.71603, 13.99551],
			"rotation": {"angle": 0, "axis": "x", "origin": [8.16667, 7.73077, 8.21474]},
			"faces": {
				"north": {"uv": [1, 13, 6, 14], "rotation": 180, "texture": "#0", "cullface": "up"},
				"east": {"uv": [5, 13, 5.75, 14], "rotation": 90, "texture": "#0", "cullface": "up"},
				"south": {"uv": [1, 13, 6, 14], "texture": "#0", "cullface": "up"},
				"west": {"uv": [1, 13, 1.75, 14], "rotation": 270, "texture": "#0", "cullface": "up"},
				"up": {"uv": [1, 13, 6, 14], "texture": "#0", "cullface": "up"}
			}
		},
		{
			"from": [1, -0.73397, 1.99551],
			"to": [6, 0.01603, 2.99551],
			"rotation": {"angle": 0, "axis": "x", "origin": [8.75, 1.39103, 8.42051]},
			"faces": {
				"north": {"uv": [1, 13, 6, 14], "rotation": 180, "texture": "#0", "cullface": "down"},
				"east": {"uv": [5, 13, 5.75, 14], "rotation": 270, "texture": "#0", "cullface": "down"},
				"south": {"uv": [1, 13, 6, 14], "texture": "#0", "cullface": "down"},
				"west": {"uv": [1, 13, 1.75, 14], "rotation": 90, "texture": "#0", "cullface": "down"},
				"down": {"uv": [1, 13, 6, 14], "texture": "#0", "cullface": "down"}
			}
		},
		{
			"from": [-0.61859, 2, 0.99808],
			"to": [0.13141, 3, 5.99808],
			"rotation": {"angle": 0, "axis": "y", "origin": [8.16667, 7.73077, 8.21474]},
			"faces": {
				"north": {"uv": [1, 13, 1.75, 14], "texture": "#0", "cullface": "west"},
				"south": {"uv": [5, 13, 5.75, 14], "texture": "#0", "cullface": "west"},
				"west": {"uv": [1, 13, 6, 14], "texture": "#0", "cullface": "west"},
				"up": {"uv": [1, 13, 6, 14], "rotation": 90, "texture": "#0", "cullface": "west"},
				"down": {"uv": [1, 13, 6, 14], "rotation": 270, "texture": "#0", "cullface": "west"}
			}
		}
	],
	"display": {
		"thirdperson_righthand": {
			"rotation": [75, 45, 0],
			"translation": [0, 2.5, 0],
			"scale": [0.375, 0.375, 0.375]
		},
		"thirdperson_lefthand": {
			"rotation": [75, 45, 0],
			"translation": [0, 2.5, 0],
			"scale": [0.375, 0.375, 0.375]
		},
		"firstperson_righthand": {
			"rotation": [0, 45, 0],
			"scale": [0.4, 0.4, 0.4]
		},
		"firstperson_lefthand": {
			"rotation": [0, 225, 0],
			"scale": [0.4, 0.4, 0.4]
		},
		"ground": {
			"translation": [0, 3, 0],
			"scale": [0.25, 0.25, 0.25]
		},
		"gui": {
			"rotation": [30, 225, 0],
			"scale": [0.625, 0.625, 0.625]
		},
		"fixed": {
			"scale": [0.5, 0.5, 0.5]
		}
	}
}