{
	"credit": "Made by N0do | GMnodo",
	"ambientocclusion": false,
	"textures": {
		"particle": "modeltextures/nether_portal"
	},
	"elements": [
		{
			"from": [6, 0, 0],
			"to": [10, 2, 16],
			"faces": {
				"north": {"uv": [3, 14, 7, 16], "texture": "#particle", "cullface": "north"},
				"east": {"uv": [0, 14, 16, 16], "texture": "#particle"},
				"south": {"uv": [4, 12, 8, 14], "texture": "#particle", "cullface": "south"},
				"west": {"uv": [0, 14, 16, 16], "texture": "#particle"},
				"up": {"uv": [0, 0, 4, 16], "texture": "#particle"},
				"down": {"uv": [12, 0, 16, 16], "texture": "#particle", "cullface": "down"}
			}
		},
		{
			"from": [5, 2, 0],
			"to": [9, 4, 16],
			"rotation": {"angle": 0, "axis": "y", "origin": [7, 10, 8]},
			"faces": {
				"north": {"uv": [6, 14, 10, 16], "texture": "#particle", "cullface": "north"},
				"east": {"uv": [0, 12, 16, 14], "texture": "#particle"},
				"south": {"uv": [10, 11, 14, 13], "texture": "#particle", "cullface": "south"},
				"west": {"uv": [0, 12, 16, 14], "texture": "#particle"},
				"up": {"uv": [0, 0, 4, 16], "texture": "#particle"},
				"down": {"uv": [12, 0, 16, 16], "texture": "#particle"}
			}
		},
		{
			"from": [4, 4, 0],
			"to": [8, 6, 16],
			"rotation": {"angle": 0, "axis": "y", "origin": [6, 12, 8]},
			"faces": {
				"north": {"uv": [6, 11, 10, 13], "texture": "#particle", "cullface": "north"},
				"east": {"uv": [0, 10, 16, 12], "texture": "#particle"},
				"south": {"uv": [5, 8, 9, 10], "texture": "#particle", "cullface": "south"},
				"west": {"uv": [0, 10, 16, 12], "texture": "#particle"},
				"up": {"uv": [12, 0, 16, 16], "texture": "#particle"},
				"down": {"uv": [0, 0, 4, 16], "texture": "#particle"}
			}
		},
		{
			"from": [3, 6, 0],
			"to": [7, 8, 16],
			"rotation": {"angle": 0, "axis": "y", "origin": [5, 14, 8]},
			"faces": {
				"north": {"uv": [8, 12, 12, 14], "texture": "#particle", "cullface": "north"},
				"east": {"uv": [0, 8, 16, 10], "texture": "#particle"},
				"south": {"uv": [1, 7, 5, 9], "texture": "#particle", "cullface": "south"},
				"west": {"uv": [0, 8, 16, 10], "texture": "#particle"},
				"up": {"uv": [12, 0, 16, 16], "texture": "#particle"},
				"down": {"uv": [0, 0, 4, 16], "texture": "#particle"}
			}
		},
		{
			"from": [3.95, 8, 0],
			"to": [7.95, 10, 16],
			"rotation": {"angle": 0, "axis": "y", "origin": [5.95, 16, 8]},
			"faces": {
				"north": {"uv": [9, 12, 13, 14], "texture": "#particle", "cullface": "north"},
				"east": {"uv": [0, 6, 16, 8], "texture": "#particle"},
				"south": {"uv": [10, 5, 14, 7], "texture": "#particle", "cullface": "south"},
				"west": {"uv": [0, 6, 16, 8], "texture": "#particle"},
				"up": {"uv": [12, 0, 16, 16], "texture": "#particle"},
				"down": {"uv": [12, 0, 16, 16], "texture": "#particle"}
			}
		},
		{
			"from": [4.95, 10, 0],
			"to": [8.95, 12, 16],
			"rotation": {"angle": 0, "axis": "y", "origin": [6.95, 18, 8]},
			"faces": {
				"north": {"uv": [6, 9, 10, 11], "texture": "#particle", "cullface": "north"},
				"east": {"uv": [0, 4, 16, 6], "texture": "#particle"},
				"south": {"uv": [4, 4, 8, 6], "texture": "#particle", "cullface": "south"},
				"west": {"uv": [0, 4, 16, 6], "texture": "#particle"},
				"up": {"uv": [8, 0, 12, 16], "texture": "#particle"},
				"down": {"uv": [8, 0, 12, 16], "texture": "#particle"}
			}
		},
		{
			"from": [6, 12, 0],
			"to": [10, 14, 16],
			"rotation": {"angle": 0, "axis": "y", "origin": [8, 20, 8]},
			"faces": {
				"north": {"uv": [9, 3, 13, 5], "texture": "#particle", "cullface": "north"},
				"east": {"uv": [0, 2, 16, 4], "texture": "#particle"},
				"south": {"uv": [8, 2, 12, 4], "texture": "#particle", "cullface": "south"},
				"west": {"uv": [0, 2, 16, 4], "texture": "#particle"},
				"up": {"uv": [5, 0, 9, 16], "texture": "#particle"},
				"down": {"uv": [4, 0, 8, 16], "texture": "#particle"}
			}
		},
		{
			"from": [7, 14, 0],
			"to": [11, 16, 16],
			"rotation": {"angle": 0, "axis": "y", "origin": [9, 22, 8]},
			"faces": {
				"north": {"uv": [5, 0, 9, 2], "texture": "#particle", "cullface": "north"},
				"east": {"uv": [0, 0, 16, 2], "texture": "#particle"},
				"south": {"uv": [6, 0, 10, 2], "texture": "#particle", "cullface": "south"},
				"west": {"uv": [0, 0, 16, 2], "texture": "#particle"},
				"up": {"uv": [4, 0, 8, 16], "texture": "#particle", "cullface": "up"},
				"down": {"uv": [0, 0, 4, 16], "texture": "#particle"}
			}
		}
	]
}