{
	"credit": "Made by N0do | GMnodo",
	"textures": {
		"0": "modeltextures/rail",
		"1": "modeltextures/spruce_planks",
		"particle": "modeltextures/rail"
	},
	"elements": [
		{
			"from": [1, 5.17445, -2.1352],
			"to": [15, 7.17445, -0.1352],
			"rotation": {"angle": -45, "axis": "x", "origin": [8, 6.50778, 5.8648]},
			"faces": {
				"north": {"uv": [1, 12, 15, 14], "texture": "#1"},
				"east": {"uv": [11, 4, 13, 6], "texture": "#1"},
				"south": {"uv": [1, 8, 15, 10], "texture": "#1"},
				"west": {"uv": [3, 4, 5, 6], "texture": "#1"},
				"up": {"uv": [1, 13, 15, 15], "texture": "#1"},
				"down": {"uv": [1, 1, 15, 3], "texture": "#1"}
			}
		},
		{
			"from": [1, 5.17445, 1.8648],
			"to": [15, 7.17445, 3.8648],
			"rotation": {"angle": -45, "axis": "x", "origin": [8, 6.50778, 5.8648]},
			"faces": {
				"north": {"uv": [1, 12, 15, 14], "texture": "#1"},
				"east": {"uv": [11, 4, 13, 6], "texture": "#1"},
				"south": {"uv": [1, 8, 15, 10], "texture": "#1"},
				"west": {"uv": [3, 4, 5, 6], "texture": "#1"},
				"up": {"uv": [1, 13, 15, 15], "texture": "#1"},
				"down": {"uv": [1, 1, 15, 3], "texture": "#1"}
			}
		},
		{
			"from": [1, 5.17445, 5.8648],
			"to": [15, 7.17445, 7.8648],
			"rotation": {"angle": -45, "axis": "x", "origin": [8, 6.50778, 5.8648]},
			"faces": {
				"north": {"uv": [1, 12, 15, 14], "texture": "#1"},
				"east": {"uv": [11, 4, 13, 6], "texture": "#1"},
				"south": {"uv": [1, 8, 15, 10], "texture": "#1"},
				"west": {"uv": [3, 4, 5, 6], "texture": "#1"},
				"up": {"uv": [1, 13, 15, 15], "texture": "#1"},
				"down": {"uv": [1, 1, 15, 3], "texture": "#1"}
			}
		},
		{
			"from": [1, 5.17445, 9.8648],
			"to": [15, 7.17445, 11.8648],
			"rotation": {"angle": -45, "axis": "x", "origin": [8, 6.50778, 5.8648]},
			"faces": {
				"north": {"uv": [1, 12, 15, 14], "texture": "#1"},
				"east": {"uv": [11, 4, 13, 6], "texture": "#1"},
				"south": {"uv": [1, 8, 15, 10], "texture": "#1"},
				"west": {"uv": [3, 4, 5, 6], "texture": "#1"},
				"up": {"uv": [1, 13, 15, 15], "texture": "#1"},
				"down": {"uv": [1, 1, 15, 3], "texture": "#1"}
			}
		},
		{
			"from": [1, 5.17445, 13.8648],
			"to": [15, 7.17445, 15.8648],
			"rotation": {"angle": -45, "axis": "x", "origin": [8, 6.50778, 5.8648]},
			"faces": {
				"north": {"uv": [1, 12, 15, 14], "texture": "#1"},
				"east": {"uv": [11, 4, 13, 6], "texture": "#1"},
				"south": {"uv": [1, 8, 15, 10], "texture": "#1"},
				"west": {"uv": [3, 4, 5, 6], "texture": "#1"},
				"up": {"uv": [1, 13, 15, 15], "texture": "#1"},
				"down": {"uv": [1, 1, 15, 3], "texture": "#1"}
			}
		},
		{
			"from": [1, 5.17445, 17.8648],
			"to": [15, 7.17445, 19.8648],
			"rotation": {"angle": -45, "axis": "x", "origin": [8, 6.50778, 5.8648]},
			"faces": {
				"north": {"uv": [1, 12, 15, 14], "texture": "#1"},
				"east": {"uv": [11, 4, 13, 6], "texture": "#1"},
				"south": {"uv": [1, 8, 15, 10], "texture": "#1"},
				"west": {"uv": [3, 4, 5, 6], "texture": "#1"},
				"up": {"uv": [1, 13, 15, 15], "texture": "#1"},
				"down": {"uv": [1, 1, 15, 3], "texture": "#1"}
			}
		},
		{
			"from": [2.0001, 6.17445, -2.1352],
			"to": [3.9991, 8.17445, 13.8648],
			"rotation": {"angle": -45, "axis": "x", "origin": [8, 6.50778, 5.8648]},
			"faces": {
				"north": {"uv": [4, 0, 2, 2], "texture": "#0", "cullface": "north"},
				"east": {"uv": [2, 0, 4, 16], "rotation": 90, "texture": "#0"},
				"west": {"uv": [2, 0, 4, 16], "rotation": 90, "texture": "#0"},
				"up": {"uv": [2, 0, 4, 16], "texture": "#0"},
				"down": {"uv": [2, 0, 4, 16], "texture": "#0"}
			}
		},
		{
			"from": [11.9999, 6.17445, -2.1352],
			"to": [13.9989, 8.17445, 13.8648],
			"rotation": {"angle": -45, "axis": "x", "origin": [8, 6.50778, 5.8648]},
			"faces": {
				"north": {"uv": [14, 0, 12, 2], "texture": "#0", "cullface": "north"},
				"east": {"uv": [12, 0, 14, 16], "rotation": 90, "texture": "#0"},
				"west": {"uv": [12, 0, 14, 16], "rotation": 90, "texture": "#0"},
				"up": {"uv": [12, 0, 14, 16], "texture": "#0"},
				"down": {"uv": [12, 0, 14, 16], "texture": "#0"}
			}
		},
		{
			"from": [2.0001, 6.17445, 13.8648],
			"to": [3.9991, 8.17445, 21.8648],
			"rotation": {"angle": -45, "axis": "x", "origin": [8, 6.50778, 5.8648]},
			"faces": {
				"east": {"uv": [2, 8, 4, 16], "rotation": 90, "texture": "#0"},
				"south": {"uv": [2, 14, 4, 16], "texture": "#0", "cullface": "up"},
				"west": {"uv": [2, 8, 4, 16], "rotation": 90, "texture": "#0"},
				"up": {"uv": [2, 8, 4, 16], "texture": "#0"},
				"down": {"uv": [2, 8, 4, 16], "texture": "#0"}
			}
		},
		{
			"from": [11.9999, 6.17445, 13.8648],
			"to": [13.9989, 8.17445, 21.8648],
			"rotation": {"angle": -45, "axis": "x", "origin": [8, 6.50778, 5.8648]},
			"faces": {
				"east": {"uv": [12, 8, 14, 16], "rotation": 90, "texture": "#0"},
				"south": {"uv": [12, 14, 14, 16], "texture": "#0", "cullface": "up"},
				"west": {"uv": [12, 8, 14, 16], "rotation": 90, "texture": "#0"},
				"up": {"uv": [12, 8, 14, 16], "texture": "#0"},
				"down": {"uv": [12, 8, 14, 16], "texture": "#0"}
			}
		},
		{
			"from": [12, 0, 11.75],
			"to": [14, 12.75, 13.75],
			"faces": {
				"north": {"uv": [0, 0, 2, 12.75], "texture": "#1"},
				"east": {"uv": [0, 0, 2, 12.75], "texture": "#1"},
				"south": {"uv": [0, 0, 2, 12.75], "texture": "#1"},
				"west": {"uv": [0, 0, 2, 12.75], "texture": "#1"},
				"down": {"uv": [0, 0, 2, 2], "texture": "#1", "cullface": "down"}
			}
		},
		{
			"from": [12, 0, 6],
			"to": [14, 7, 8],
			"faces": {
				"north": {"uv": [0, 0, 2, 7], "texture": "#1"},
				"east": {"uv": [0, 0, 2, 7], "texture": "#1"},
				"south": {"uv": [0, 0, 2, 7], "texture": "#1"},
				"west": {"uv": [0, 0, 2, 7], "texture": "#1"},
				"down": {"uv": [0, 0, 2, 2], "texture": "#1", "cullface": "down"}
			}
		},
		{
			"from": [2, 0, 6],
			"to": [4, 7, 8],
			"faces": {
				"north": {"uv": [0, 0, 2, 7], "texture": "#1"},
				"east": {"uv": [0, 0, 2, 7], "texture": "#1"},
				"south": {"uv": [0, 0, 2, 7], "texture": "#1"},
				"west": {"uv": [0, 0, 2, 7], "texture": "#1"},
				"down": {"uv": [0, 0, 2, 2], "texture": "#1", "cullface": "down"}
			}
		},
		{
			"from": [12, 0, 0.25],
			"to": [14, 1.5, 2.25],
			"faces": {
				"north": {"uv": [0, 0, 2, 1.5], "texture": "#1"},
				"east": {"uv": [0, 0, 2, 1.5], "texture": "#1"},
				"south": {"uv": [0, 0, 2, 1.5], "texture": "#1"},
				"west": {"uv": [0, 0, 2, 1.5], "texture": "#1"},
				"down": {"uv": [0, 0, 2, 2], "texture": "#1", "cullface": "down"}
			}
		},
		{
			"from": [2, 0, 0.25],
			"to": [4, 1.5, 2.25],
			"faces": {
				"north": {"uv": [0, 0, 2, 1.5], "texture": "#1"},
				"east": {"uv": [0, 0, 2, 1.5], "texture": "#1"},
				"south": {"uv": [0, 0, 2, 1.5], "texture": "#1"},
				"west": {"uv": [0, 0, 2, 1.5], "texture": "#1"},
				"down": {"uv": [0, 0, 2, 2], "texture": "#1", "cullface": "down"}
			}
		},
		{
			"from": [2, 0, 11.75],
			"to": [4, 12.75, 13.75],
			"faces": {
				"north": {"uv": [0, 0, 2, 12.75], "texture": "#1"},
				"east": {"uv": [0, 0, 2, 12.75], "texture": "#1"},
				"south": {"uv": [0, 0, 2, 12.75], "texture": "#1"},
				"west": {"uv": [0, 0, 2, 12.75], "texture": "#1"},
				"down": {"uv": [0, 0, 2, 2], "texture": "#1", "cullface": "down"}
			}
		},
		{
			"from": [2, 0.7685, -0.32695],
			"to": [3, 1.0185, 0.67305],
			"rotation": {"angle": 22.5, "axis": "x", "origin": [2.5, 1.2685, 0.17305]},
			"faces": {
				"north": {"uv": [3, 1, 4, 2], "texture": "#0", "cullface": "north"},
				"east": {"uv": [3, 1, 4, 2], "texture": "#0"},
				"west": {"uv": [3, 1, 4, 2], "texture": "#0"},
				"up": {"uv": [3, 1, 4, 2], "texture": "#0", "cullface": "north"},
				"down": {"uv": [3, 1, 4, 2], "texture": "#0"}
			}
		},
		{
			"from": [13, 0.7685, -0.32695],
			"to": [14, 1.0185, 0.67305],
			"rotation": {"angle": 22.5, "axis": "x", "origin": [2.5, 1.2685, 0.17305]},
			"faces": {
				"north": {"uv": [2, 1, 3, 2], "texture": "#0", "cullface": "north"},
				"east": {"uv": [2, 1, 3, 2], "texture": "#0"},
				"west": {"uv": [2, 1, 3, 2], "texture": "#0"},
				"up": {"uv": [2, 1, 3, 2], "texture": "#0", "cullface": "north"},
				"down": {"uv": [2, 1, 3, 2], "texture": "#0"}
			}
		}
	],
	"display": {
		"thirdperson_righthand": {
			"rotation": [75, 45, 0],
			"translation": [0, 2.5, 2.5],
			"scale": [0.375, 0.375, 0.375]
		},
		"thirdperson_lefthand": {
			"rotation": [75, 45, 0],
			"translation": [0, 2.5, 0],
			"scale": [0.375, 0.375, 0.375]
		},
		"firstperson_righthand": {
			"rotation": [0, 45, 0],
			"scale": [0.4, 0.4, 0.4]
		},
		"firstperson_lefthand": {
			"rotation": [0, 225, 0],
			"scale": [0.4, 0.4, 0.4]
		},
		"ground": {
			"translation": [0, 3, 0],
			"scale": [0.25, 0.25, 0.25]
		},
		"gui": {
			"rotation": [30, 225, 0],
			"scale": [0.625, 0.625, 0.625]
		},
		"fixed": {
			"scale": [0.5, 0.5, 0.5]
		}
	}
}