{
	"credit": "Made by N0do | GMnodo",
	"textures": {
		"0": "modeltextures/stone_bricks",
		"particle": "modeltextures/stone_bricks"
	},
	"elements": [
		{
			"from": [0, 0, 0],
			"to": [16, 16, 16],
			"faces": {
				"north": {"uv": [0, 0, 16, 16], "texture": "#0", "cullface": "north"},
				"east": {"uv": [0, 0, 16, 16], "texture": "#0", "cullface": "east"},
				"south": {"uv": [0, 0, 16, 16], "texture": "#0", "cullface": "south"},
				"west": {"uv": [0, 0, 16, 16], "texture": "#0", "cullface": "west"},
				"up": {"uv": [0, 0, 16, 16], "texture": "#0", "cullface": "up"},
				"down": {"uv": [0, 0, 16, 16], "texture": "#0", "cullface": "down"}
			}
		},
		{
			"from": [0, 1, -1],
			"to": [8, 8, 0],
			"rotation": {"angle": 0, "axis": "y", "origin": [7.75, 4.5, 8]},
			"faces": {
				"north": {"uv": [8, 8, 16, 15], "texture": "#0", "cullface": "north"},
				"east": {"uv": [8, 8, 9, 15], "texture": "#0", "cullface": "north"},
				"west": {"uv": [15, 8, 16, 15], "texture": "#0", "cullface": "west"},
				"up": {"uv": [8, 8, 16, 9], "texture": "#0", "cullface": "north"},
				"down": {"uv": [8, 14, 16, 15], "texture": "#0", "cullface": "north"}
			}
		},
		{
			"from": [1, 9, -1],
			"to": [16, 15.97, 0],
			"rotation": {"angle": 0, "axis": "y", "origin": [7.75, 12.5, 8]},
			"faces": {
				"north": {"uv": [0, 0, 15, 6.97], "texture": "#0", "cullface": "north"},
				"east": {"uv": [0, 0, 1, 7], "texture": "#0", "cullface": "north"},
				"west": {"uv": [14, 0, 15, 7], "texture": "#0", "cullface": "north"},
				"up": {"uv": [0, 0, 15, 1], "texture": "#0", "cullface": "north"},
				"down": {"uv": [0, 6, 15, 7], "texture": "#0", "cullface": "north"}
			}
		},
		{
			"from": [0, 9, 16],
			"to": [15, 15.95, 17],
			"rotation": {"angle": 0, "axis": "y", "origin": [7.75, 12.5, 25]},
			"faces": {
				"east": {"uv": [0, 0, 1, 7], "texture": "#0", "cullface": "south"},
				"south": {"uv": [0, 0, 15, 6.95], "texture": "#0", "cullface": "south"},
				"west": {"uv": [0, 0, 1, 7], "texture": "#0", "cullface": "west"},
				"up": {"uv": [0, 0, 15, 1], "texture": "#0", "cullface": "south"},
				"down": {"uv": [0, 6, 15, 7], "texture": "#0", "cullface": "south"}
			}
		},
		{
			"from": [0.01, 16, 0.01],
			"to": [15, 17, 7],
			"rotation": {"angle": 0, "axis": "x", "origin": [8.2, 8, 3.45]},
			"faces": {
				"north": {"uv": [0, 0, 14.9, 1], "texture": "#0", "cullface": "up"},
				"east": {"uv": [15, 0, 16, 7], "rotation": 90, "texture": "#0", "cullface": "up"},
				"south": {"uv": [0, 6, 14.9, 7], "rotation": 180, "texture": "#0", "cullface": "up"},
				"west": {"uv": [0, 0, 1, 7], "rotation": 270, "texture": "#0", "cullface": "up"},
				"up": {"uv": [0, 0, 15, 7], "texture": "#0", "cullface": "up"}
			}
		},
		{
			"from": [1, -1, 9],
			"to": [16, 0, 15.99],
			"rotation": {"angle": 0, "axis": "x", "origin": [8.3, -9, 12.5]},
			"faces": {
				"north": {"uv": [0, 6, 15, 7], "texture": "#0", "cullface": "down"},
				"east": {"uv": [14, 0, 15, 7.05], "rotation": 90, "texture": "#0", "cullface": "down"},
				"south": {"uv": [0, 0, 15, 1], "texture": "#0", "cullface": "down"},
				"west": {"uv": [0, 0, 1, 7], "rotation": 90, "texture": "#0", "cullface": "down"},
				"down": {"uv": [0, 0, 15, 7], "texture": "#0", "cullface": "down"}
			}
		},
		{
			"from": [-1, 9, 0],
			"to": [0, 15.95, 15],
			"rotation": {"angle": 0, "axis": "y", "origin": [8, 12.5, 8.25]},
			"faces": {
				"north": {"uv": [0, 0, 1, 7], "texture": "#0", "cullface": "west"},
				"south": {"uv": [14, 0, 15, 7], "texture": "#0", "cullface": "west"},
				"west": {"uv": [0, 0, 15, 6.95], "texture": "#0", "cullface": "west"},
				"up": {"uv": [0, 0, 15, 1], "rotation": 270, "texture": "#0", "cullface": "west"},
				"down": {"uv": [0, 6, 15, 7], "rotation": 90, "texture": "#0", "cullface": "west"}
			}
		},
		{
			"from": [16, 9, 1],
			"to": [17, 16.05, 16],
			"rotation": {"angle": 0, "axis": "y", "origin": [8, 12.5, 7.75]},
			"faces": {
				"north": {"uv": [14, 0, 15, 7], "texture": "#0", "cullface": "east"},
				"east": {"uv": [0, 0, 15, 7.05], "texture": "#0", "cullface": "east"},
				"south": {"uv": [0, 0, 1, 7], "texture": "#0", "cullface": "east"},
				"up": {"uv": [0, 0, 15, 1], "rotation": 90, "texture": "#0", "cullface": "east"},
				"down": {"uv": [0, 6, 15, 7], "rotation": 270, "texture": "#0", "cullface": "east"}
			}
		},
		{
			"from": [-1, 1, 7.75],
			"to": [0, 8, 16],
			"rotation": {"angle": 0, "axis": "y", "origin": [8, 4.5, 8]},
			"faces": {
				"north": {"uv": [8, 8, 9, 15], "texture": "#0", "cullface": "west"},
				"south": {"uv": [15, 8, 16, 15], "texture": "#0", "cullface": "west"},
				"west": {"uv": [8, 8, 16, 15], "texture": "#0", "cullface": "west"},
				"up": {"uv": [8, 8, 16, 9], "rotation": 270, "texture": "#0", "cullface": "west"},
				"down": {"uv": [8, 14, 16, 15], "rotation": 90, "texture": "#0", "cullface": "west"}
			}
		},
		{
			"from": [0.01, 16, 8],
			"to": [7, 17, 15],
			"rotation": {"angle": 0, "axis": "x", "origin": [7.7, 8, 12.5]},
			"faces": {
				"north": {"uv": [9, 8, 16, 9], "rotation": 180, "texture": "#0", "cullface": "up"},
				"east": {"uv": [9, 8, 10, 15], "rotation": 90, "texture": "#0", "cullface": "up"},
				"south": {"uv": [9, 14, 16, 15], "texture": "#0", "cullface": "up"},
				"west": {"uv": [15, 8, 16, 15], "rotation": 270, "texture": "#0", "cullface": "up"},
				"up": {"uv": [9, 8, 16, 15], "texture": "#0", "cullface": "up"}
			}
		},
		{
			"from": [0, -1, 1],
			"to": [7, 0, 8],
			"rotation": {"angle": 0, "axis": "x", "origin": [7.8, -9, 3.5]},
			"faces": {
				"north": {"uv": [0, 14, 7.05, 15], "texture": "#0", "cullface": "down"},
				"east": {"uv": [9, 8, 10, 15], "rotation": 90, "texture": "#0", "cullface": "down"},
				"south": {"uv": [9, 14, 16, 15], "texture": "#0", "cullface": "down"},
				"west": {"uv": [0, 8, 1, 15], "rotation": 90, "texture": "#0", "cullface": "west"},
				"down": {"uv": [0, 8, 7, 15], "texture": "#0", "cullface": "down"}
			}
		},
		{
			"from": [1, 1, 16],
			"to": [7, 8, 17],
			"rotation": {"angle": 0, "axis": "y", "origin": [7.75, 4.5, 8]},
			"faces": {
				"east": {"uv": [6, 8, 7, 15], "texture": "#0", "cullface": "south"},
				"south": {"uv": [0, 8, 7, 15], "texture": "#0", "cullface": "south"},
				"west": {"uv": [0, 8, 1, 15], "texture": "#0", "cullface": "south"},
				"up": {"uv": [0, 8, 7, 9], "texture": "#0", "cullface": "south"},
				"down": {"uv": [0, 14, 7, 15], "texture": "#0", "cullface": "south"}
			}
		},
		{
			"from": [15.75, 1, 8.75],
			"to": [16.75, 8, 15.75],
			"rotation": {"angle": 0, "axis": "y", "origin": [7.75, 4.5, 8]},
			"faces": {
				"north": {"uv": [6, 8, 7, 15], "texture": "#0", "cullface": "east"},
				"east": {"uv": [0, 8, 7, 15], "texture": "#0", "cullface": "east"},
				"south": {"uv": [0, 8, 1, 15], "texture": "#0", "cullface": "east"},
				"up": {"uv": [0, 8, 7, 9], "rotation": 270, "texture": "#0", "cullface": "east"},
				"down": {"uv": [0, 14, 7, 15], "rotation": 90, "texture": "#0", "cullface": "east"}
			}
		},
		{
			"from": [9, 1, -1],
			"to": [16, 8, 0],
			"rotation": {"angle": 0, "axis": "y", "origin": [7.75, 4.5, 8]},
			"faces": {
				"north": {"uv": [0, 8, 7, 15], "texture": "#0", "cullface": "north"},
				"east": {"uv": [0, 8, 1, 15], "texture": "#0", "cullface": "north"},
				"west": {"uv": [6, 8, 7, 15], "texture": "#0", "cullface": "north"},
				"up": {"uv": [0, 8, 7, 9], "texture": "#0", "cullface": "north"},
				"down": {"uv": [0, 14, 7, 15], "texture": "#0", "cullface": "north"}
			}
		},
		{
			"from": [-1, 1, 0],
			"to": [0, 8, 7],
			"rotation": {"angle": 0, "axis": "y", "origin": [8, 4.5, 8]},
			"faces": {
				"north": {"uv": [0, 8, 1, 15], "texture": "#0", "cullface": "west"},
				"south": {"uv": [6, 8, 7, 15], "texture": "#0", "cullface": "west"},
				"west": {"uv": [0, 8, 7, 15], "texture": "#0", "cullface": "west"},
				"up": {"uv": [0, 8, 7, 9], "rotation": 270, "texture": "#0", "cullface": "west"},
				"down": {"uv": [0, 14, 7, 15], "rotation": 90, "texture": "#0", "cullface": "west"}
			}
		},
		{
			"from": [8, 16, 8],
			"to": [15.99, 17, 15],
			"rotation": {"angle": 0, "axis": "x", "origin": [7.75, 8, 11.5]},
			"faces": {
				"north": {"uv": [8, 8, 16, 9], "rotation": 180, "texture": "#0", "cullface": "up"},
				"east": {"uv": [0, 8, 1, 15], "rotation": 90, "texture": "#0", "cullface": "up"},
				"south": {"uv": [8, 14, 16, 15], "texture": "#0", "cullface": "up"},
				"west": {"uv": [7, 8, 8, 15], "rotation": 270, "texture": "#0", "cullface": "up"},
				"up": {"uv": [8, 8, 16, 15], "texture": "#0", "cullface": "up"}
			}
		},
		{
			"from": [8, -1, 1],
			"to": [16, 0, 8],
			"rotation": {"angle": 0, "axis": "x", "origin": [7.75, -9, 3.5]},
			"faces": {
				"north": {"uv": [8, 14, 16, 15], "texture": "#0", "cullface": "down"},
				"east": {"uv": [15, 8, 16, 15], "rotation": 90, "texture": "#0", "cullface": "down"},
				"south": {"uv": [0, 14, 8, 15], "texture": "#0", "cullface": "down"},
				"west": {"uv": [8, 8, 9, 15], "rotation": 90, "texture": "#0", "cullface": "down"},
				"down": {"uv": [8, 8, 16, 15], "texture": "#0", "cullface": "down"}
			}
		},
		{
			"from": [8, 1, 16],
			"to": [16, 8, 17],
			"rotation": {"angle": 0, "axis": "y", "origin": [7.75, 4.5, 8]},
			"faces": {
				"east": {"uv": [0, 8, 1, 15], "texture": "#0", "cullface": "east"},
				"south": {"uv": [8, 8, 16, 15], "texture": "#0", "cullface": "south"},
				"west": {"uv": [8, 8, 9, 15], "texture": "#0", "cullface": "south"},
				"up": {"uv": [8, 8, 16, 9], "texture": "#0", "cullface": "south"},
				"down": {"uv": [8, 14, 16, 15], "texture": "#0", "cullface": "south"}
			}
		},
		{
			"from": [15.75, 1, 0],
			"to": [16.75, 8, 8],
			"rotation": {"angle": 0, "axis": "y", "origin": [7.75, 4.5, 8]},
			"faces": {
				"north": {"uv": [15, 8, 16, 15], "texture": "#0", "cullface": "north"},
				"east": {"uv": [8, 8, 16, 15], "texture": "#0", "cullface": "east"},
				"south": {"uv": [8, 8, 9, 15], "texture": "#0", "cullface": "east"},
				"up": {"uv": [8, 8, 16, 9], "rotation": 270, "texture": "#0", "cullface": "east"},
				"down": {"uv": [8, 14, 16, 15], "rotation": 90, "texture": "#0", "cullface": "east"}
			}
		}
	],
	"display": {
		"thirdperson_righthand": {
			"rotation": [75, 45, 0],
			"translation": [0, 2.5, 0],
			"scale": [0.375, 0.375, 0.375]
		},
		"thirdperson_lefthand": {
			"rotation": [75, 45, 0],
			"translation": [0, 2.5, 0],
			"scale": [0.375, 0.375, 0.375]
		},
		"firstperson_righthand": {
			"rotation": [0, 45, 0],
			"scale": [0.4, 0.4, 0.4]
		},
		"firstperson_lefthand": {
			"rotation": [0, 225, 0],
			"scale": [0.4, 0.4, 0.4]
		},
		"ground": {
			"translation": [0, 3, 0],
			"scale": [0.25, 0.25, 0.25]
		},
		"gui": {
			"rotation": [30, 225, 0],
			"translation": [0, 0.25, 0],
			"scale": [0.55, 0.55, 0.55]
		},
		"fixed": {
			"scale": [0.5, 0.5, 0.5]
		}
	}
}