{
	"credit": "Made by N0do | GMnodo",
	"textures": {
		"0": "modeltextures/jungle_planks",
		"1": "modeltextures/bookshelf/jungle/bookshelf8",
		"2": "modeltextures/bookshelf/bookshelf_background",
		"particle": "modeltextures/jungle_planks"
	},
	"elements": [
		{
			"from": [0, 0, 0],
			"to": [16, 1, 16],
			"faces": {
				"north": {"uv": [0, 0, 16, 1], "texture": "#0", "cullface": "north"},
				"east": {"uv": [0, 8, 16, 9], "texture": "#0", "cullface": "east"},
				"south": {"uv": [0, 5, 16, 6], "texture": "#0", "cullface": "south"},
				"west": {"uv": [0, 1, 16, 2], "texture": "#0", "cullface": "west"},
				"up": {"uv": [0, 0, 16, 16], "texture": "#0"},
				"down": {"uv": [0, 0, 16, 16], "texture": "#0", "cullface": "down"}
			}
		},
		{
			"from": [0, 15, 0],
			"to": [16, 16, 16],
			"faces": {
				"north": {"uv": [0, 0, 16, 1], "texture": "#0", "cullface": "north"},
				"east": {"uv": [0, 8, 16, 9], "texture": "#0", "cullface": "east"},
				"south": {"uv": [0, 5, 16, 6], "texture": "#0", "cullface": "south"},
				"west": {"uv": [0, 1, 16, 2], "texture": "#0", "cullface": "west"},
				"up": {"uv": [0, 0, 16, 16], "texture": "#0", "cullface": "up"},
				"down": {"uv": [0, 0, 16, 16], "texture": "#0"}
			}
		},
		{
			"from": [0, 1, 0],
			"to": [1, 15, 1],
			"faces": {
				"north": {"uv": [0, 1, 1, 15], "texture": "#0", "cullface": "north"},
				"east": {"uv": [1, 1, 2, 15], "texture": "#0"},
				"south": {"uv": [7, 1, 8, 15], "texture": "#0"},
				"west": {"uv": [3, 1, 4, 15], "texture": "#0", "cullface": "west"}
			}
		},
		{
			"from": [0, 1, 15],
			"to": [1, 15, 16],
			"faces": {
				"north": {"uv": [14, 1, 15, 15], "texture": "#0"},
				"east": {"uv": [10, 1, 11, 15], "texture": "#0"},
				"south": {"uv": [5, 1, 6, 15], "texture": "#0", "cullface": "south"},
				"west": {"uv": [8, 1, 9, 15], "texture": "#0", "cullface": "west"}
			}
		},
		{
			"from": [15, 1, 15],
			"to": [16, 15, 16],
			"faces": {
				"north": {"uv": [15, 1, 16, 15], "texture": "#0"},
				"east": {"uv": [6, 1, 7, 15], "texture": "#0", "cullface": "east"},
				"south": {"uv": [3, 1, 4, 15], "texture": "#0", "cullface": "south"},
				"west": {"uv": [2, 1, 3, 15], "texture": "#0"}
			}
		},
		{
			"from": [15, 1, 0],
			"to": [16, 15, 1],
			"faces": {
				"north": {"uv": [14, 1, 15, 15], "texture": "#0", "cullface": "north"},
				"east": {"uv": [9, 1, 10, 15], "texture": "#0", "cullface": "east"},
				"south": {"uv": [10, 1, 11, 15], "texture": "#0"},
				"west": {"uv": [6, 1, 7, 15], "texture": "#0"}
			}
		},
		{
			"from": [1, 1, 1],
			"to": [15, 15, 15],
			"faces": {
				"north": {"uv": [1, 1, 15, 15], "texture": "#2"},
				"east": {"uv": [1, 1, 15, 15], "texture": "#2"},
				"south": {"uv": [1, 1, 15, 15], "texture": "#2"},
				"west": {"uv": [1, 1, 15, 15], "texture": "#2"}
			}
		},
		{
			"from": [0, 7, 1],
			"to": [1, 9, 15],
			"rotation": {"angle": 0, "axis": "y", "origin": [8, 8, 8]},
			"faces": {
				"west": {"uv": [1, 7, 15, 9], "texture": "#1", "cullface": "west"},
				"up": {"uv": [1, 7, 15, 8], "rotation": 90, "texture": "#1"},
				"down": {"uv": [1, 8, 15, 9], "rotation": 270, "texture": "#1"}
			}
		},
		{
			"from": [15, 7, 1],
			"to": [16, 9, 15],
			"rotation": {"angle": 0, "axis": "y", "origin": [8, 8, 8]},
			"faces": {
				"east": {"uv": [1, 7, 15, 9], "texture": "#1", "cullface": "east"},
				"up": {"uv": [1, 7, 15, 8], "rotation": 90, "texture": "#1"},
				"down": {"uv": [1, 8, 15, 9], "rotation": 270, "texture": "#1"}
			}
		},
		{
			"from": [1, 7, 0],
			"to": [15, 9, 1],
			"faces": {
				"north": {"uv": [1, 7, 15, 9], "texture": "#1", "cullface": "north"},
				"up": {"uv": [1, 7, 15, 8], "texture": "#1"},
				"down": {"uv": [1, 8, 15, 9], "texture": "#1"}
			}
		},
		{
			"from": [1, 7, 15],
			"to": [15, 9, 16],
			"faces": {
				"south": {"uv": [1, 7, 15, 9], "texture": "#1", "cullface": "south"},
				"up": {"uv": [1, 7, 15, 8], "texture": "#1"},
				"down": {"uv": [1, 8, 15, 9], "texture": "#1"}
			}
		},
		{
			"from": [3, 1, 0.25],
			"to": [5, 6, 1],
			"faces": {
				"north": {"uv": [11, 10, 13, 15], "texture": "#1"},
				"east": {"uv": [11, 10, 12, 15], "texture": "#1"},
				"west": {"uv": [12, 10, 13, 15], "texture": "#1"},
				"up": {"uv": [11, 10, 13, 11], "texture": "#1"}
			}
		},
		{
			"from": [11, 1, 0.25],
			"to": [13, 6, 1],
			"rotation": {"angle": 0, "axis": "z", "origin": [6, 3.5, 0.5]},
			"faces": {
				"north": {"uv": [3, 10, 5, 15], "texture": "#1"},
				"east": {"uv": [3, 10, 3.75, 15], "texture": "#1"},
				"west": {"uv": [4, 10, 4.75, 15], "texture": "#1"},
				"up": {"uv": [3, 14, 5, 14.75], "texture": "#1"}
			}
		},
		{
			"from": [11, 1, 14.75],
			"to": [13, 6, 15.5],
			"rotation": {"angle": 0, "axis": "z", "origin": [6, 3.5, 0.5]},
			"faces": {
				"east": {"uv": [3, 10, 3.75, 15], "texture": "#1"},
				"south": {"uv": [3, 10, 5, 15], "texture": "#1"},
				"west": {"uv": [4, 10, 4.75, 15], "texture": "#1"},
				"up": {"uv": [3, 14, 5, 14.75], "texture": "#1"}
			}
		},
		{
			"from": [15, 1, 11],
			"to": [15.75, 6, 13],
			"rotation": {"angle": 0, "axis": "y", "origin": [15.375, 5.75, 10]},
			"faces": {
				"north": {"uv": [4, 10, 4.75, 15], "texture": "#1"},
				"east": {"uv": [3, 10, 5, 15], "texture": "#1"},
				"south": {"uv": [3, 10, 3.75, 15], "texture": "#1"},
				"up": {"uv": [3, 14, 5, 14.75], "rotation": 90, "texture": "#1"}
			}
		},
		{
			"from": [0.25, 1, 11],
			"to": [1, 6, 13],
			"rotation": {"angle": 0, "axis": "y", "origin": [15.375, 5.75, 10]},
			"faces": {
				"north": {"uv": [4, 10, 4.75, 15], "texture": "#1"},
				"south": {"uv": [3, 10, 3.75, 15], "texture": "#1"},
				"west": {"uv": [3, 10, 5, 15], "texture": "#1"},
				"up": {"uv": [3, 14, 5, 14.75], "rotation": 90, "texture": "#1"}
			}
		},
		{
			"from": [5, 1, 0.25],
			"to": [11, 3, 1],
			"rotation": {"angle": 0, "axis": "z", "origin": [9, 4, 0.625]},
			"faces": {
				"north": {"uv": [5, 13, 11, 15], "texture": "#1"},
				"up": {"uv": [5, 14, 11, 14.75], "rotation": 180, "texture": "#1"}
			}
		},
		{
			"from": [5, 1, 14.75],
			"to": [11, 3, 15.5],
			"rotation": {"angle": 0, "axis": "z", "origin": [9, 4, 0.625]},
			"faces": {
				"south": {"uv": [5, 13, 11, 15], "texture": "#1"},
				"up": {"uv": [5, 14, 11, 14.75], "texture": "#1"}
			}
		},
		{
			"from": [15, 1, 5],
			"to": [15.75, 3, 11],
			"rotation": {"angle": 0, "axis": "y", "origin": [15.375, 5.75, 10]},
			"faces": {
				"east": {"uv": [5, 13, 11, 15], "texture": "#1"},
				"up": {"uv": [5, 14, 11, 14.75], "rotation": 270, "texture": "#1"}
			}
		},
		{
			"from": [0.25, 1, 5],
			"to": [1, 3, 11],
			"rotation": {"angle": 0, "axis": "y", "origin": [15.375, 5.75, 10]},
			"faces": {
				"west": {"uv": [5, 13, 11, 15], "texture": "#1"},
				"up": {"uv": [5, 14, 11, 14.75], "rotation": 90, "texture": "#1"}
			}
		},
		{
			"from": [2, 9, 0.25],
			"to": [4, 15, 1],
			"faces": {
				"north": {"uv": [12, 1, 14, 7], "texture": "#1"},
				"east": {"uv": [12, 1, 13, 7], "texture": "#1"},
				"west": {"uv": [13, 1, 14, 7], "texture": "#1"}
			}
		},
		{
			"from": [4, 9, 0.25],
			"to": [5, 13, 1],
			"faces": {
				"north": {"uv": [11, 3, 12, 7], "texture": "#1"},
				"up": {"uv": [11, 3, 12, 4], "texture": "#1"}
			}
		},
		{
			"from": [5, 9, 0.25],
			"to": [7, 14, 1],
			"faces": {
				"north": {"uv": [9, 2, 11, 7], "texture": "#1"},
				"east": {"uv": [9, 2, 10, 7], "texture": "#1"},
				"west": {"uv": [9, 2, 10, 7], "texture": "#1"},
				"up": {"uv": [9, 2, 11, 3], "texture": "#1"}
			}
		},
		{
			"from": [15, 9, 10],
			"to": [15.75, 14, 12],
			"rotation": {"angle": 0, "axis": "y", "origin": [8, 11.5, 11]},
			"faces": {
				"north": {"uv": [5, 2, 6, 7], "texture": "#1"},
				"east": {"uv": [4, 2, 6, 7], "texture": "#1"},
				"south": {"uv": [4, 2, 5, 7], "texture": "#1"},
				"up": {"uv": [5, 2, 5.75, 4], "texture": "#1"}
			}
		},
		{
			"from": [0.25, 9, 10],
			"to": [1, 14, 12],
			"rotation": {"angle": 0, "axis": "y", "origin": [8, 11.5, 11]},
			"faces": {
				"north": {"uv": [4, 2, 5, 7], "texture": "#1"},
				"south": {"uv": [5, 2, 6, 7], "texture": "#1"},
				"west": {"uv": [4, 2, 6, 7], "texture": "#1"},
				"up": {"uv": [5, 2, 5.75, 4], "texture": "#1"}
			}
		},
		{
			"from": [10, 9, 15],
			"to": [12, 14, 15.75],
			"rotation": {"angle": 0, "axis": "y", "origin": [8, 11.5, 11]},
			"faces": {
				"east": {"uv": [5, 2, 6, 7], "texture": "#1"},
				"south": {"uv": [4, 2, 6, 7], "texture": "#1"},
				"west": {"uv": [4, 2, 5, 7], "texture": "#1"},
				"up": {"uv": [5, 2, 5.75, 4], "rotation": 270, "texture": "#1"}
			}
		},
		{
			"from": [10, 9, 0.25],
			"to": [12, 14, 1],
			"rotation": {"angle": 0, "axis": "y", "origin": [8, 11.5, 11]},
			"faces": {
				"north": {"uv": [4, 2, 6, 7], "texture": "#1"},
				"east": {"uv": [5, 2, 6, 7], "texture": "#1"},
				"west": {"uv": [4, 2, 5, 7], "texture": "#1"},
				"up": {"uv": [5, 2, 5.75, 4], "rotation": 270, "texture": "#1"}
			}
		},
		{
			"from": [3, 1, 15],
			"to": [5, 6, 15.75],
			"rotation": {"angle": 0, "axis": "y", "origin": [0, 0, 15]},
			"faces": {
				"east": {"uv": [11, 10, 12, 15], "texture": "#1"},
				"south": {"uv": [11, 10, 13, 15], "texture": "#1"},
				"west": {"uv": [12, 10, 13, 15], "texture": "#1"},
				"up": {"uv": [11, 10, 13, 11], "texture": "#1"}
			}
		},
		{
			"from": [5, 9, 15],
			"to": [7, 14, 15.75],
			"rotation": {"angle": 0, "axis": "y", "origin": [0, 0, 15]},
			"faces": {
				"east": {"uv": [9, 2, 10, 7], "texture": "#1"},
				"south": {"uv": [9, 2, 11, 7], "texture": "#1"},
				"west": {"uv": [9, 2, 10, 7], "texture": "#1"},
				"up": {"uv": [9, 2, 11, 3], "texture": "#1"}
			}
		},
		{
			"from": [4, 9, 15],
			"to": [5, 13, 15.75],
			"rotation": {"angle": 0, "axis": "y", "origin": [0, 0, 15]},
			"faces": {
				"south": {"uv": [11, 3, 12, 7], "texture": "#1"},
				"up": {"uv": [11, 3, 12, 4], "texture": "#1"}
			}
		},
		{
			"from": [2, 9, 15],
			"to": [4, 15, 15.75],
			"rotation": {"angle": 0, "axis": "y", "origin": [0, 0, 15]},
			"faces": {
				"east": {"uv": [12, 1, 13, 7], "texture": "#1"},
				"south": {"uv": [12, 1, 14, 7], "texture": "#1"},
				"west": {"uv": [13, 1, 14, 7], "texture": "#1"}
			}
		},
		{
			"from": [0.25, 1, 3],
			"to": [1, 6, 5],
			"rotation": {"angle": 0, "axis": "y", "origin": [8, 7.71344, 8.12882]},
			"faces": {
				"north": {"uv": [12, 10, 13, 15], "texture": "#1"},
				"south": {"uv": [11, 10, 12, 15], "texture": "#1"},
				"west": {"uv": [11, 10, 13, 15], "texture": "#1"},
				"up": {"uv": [11, 10, 13, 11], "rotation": 90, "texture": "#1"}
			}
		},
		{
			"from": [0.25, 9, 5],
			"to": [1, 14, 7],
			"rotation": {"angle": 0, "axis": "y", "origin": [8, 7.71344, 8.12882]},
			"faces": {
				"north": {"uv": [9, 2, 10, 7], "texture": "#1"},
				"south": {"uv": [9, 2, 10, 7], "texture": "#1"},
				"west": {"uv": [9, 2, 11, 7], "texture": "#1"},
				"up": {"uv": [9, 2, 11, 3], "rotation": 90, "texture": "#1"}
			}
		},
		{
			"from": [0.25, 9, 4],
			"to": [1, 13, 5],
			"rotation": {"angle": 0, "axis": "y", "origin": [8, 7.71344, 8.12882]},
			"faces": {
				"west": {"uv": [11, 3, 12, 7], "texture": "#1"},
				"up": {"uv": [11, 3, 12, 4], "rotation": 90, "texture": "#1"}
			}
		},
		{
			"from": [0.25, 9, 2],
			"to": [1, 15, 4],
			"rotation": {"angle": 0, "axis": "y", "origin": [8, 7.71344, 8.12882]},
			"faces": {
				"north": {"uv": [13, 1, 14, 7], "texture": "#1"},
				"south": {"uv": [12, 1, 13, 7], "texture": "#1"},
				"west": {"uv": [12, 1, 14, 7], "texture": "#1"}
			}
		},
		{
			"from": [15, 9, 5],
			"to": [15.75, 14, 7],
			"rotation": {"angle": 0, "axis": "y", "origin": [8, 7.71344, 8.12882]},
			"faces": {
				"north": {"uv": [9, 2, 10, 7], "texture": "#1"},
				"east": {"uv": [9, 2, 11, 7], "texture": "#1"},
				"south": {"uv": [9, 2, 10, 7], "texture": "#1"},
				"up": {"uv": [9, 2, 11, 3], "rotation": 90, "texture": "#1"}
			}
		},
		{
			"from": [15, 9, 4],
			"to": [15.75, 13, 5],
			"rotation": {"angle": 0, "axis": "y", "origin": [8, 7.71344, 8.12882]},
			"faces": {
				"east": {"uv": [11, 3, 12, 7], "texture": "#1"},
				"up": {"uv": [11, 3, 12, 4], "rotation": 90, "texture": "#1"}
			}
		},
		{
			"from": [15, 9, 2],
			"to": [15.75, 15, 4],
			"rotation": {"angle": 0, "axis": "y", "origin": [8, 7.71344, 8.12882]},
			"faces": {
				"north": {"uv": [13, 1, 14, 7], "texture": "#1"},
				"east": {"uv": [12, 1, 14, 7], "texture": "#1"},
				"south": {"uv": [12, 1, 13, 7], "texture": "#1"}
			}
		},
		{
			"from": [15, 1, 3],
			"to": [15.75, 6, 5],
			"rotation": {"angle": 0, "axis": "y", "origin": [8, 7.71344, 8.12882]},
			"faces": {
				"north": {"uv": [12, 10, 13, 15], "texture": "#1"},
				"east": {"uv": [11, 10, 13, 15], "texture": "#1"},
				"south": {"uv": [11, 10, 12, 15], "texture": "#1"},
				"up": {"uv": [11, 10, 13, 11], "rotation": 90, "texture": "#1"}
			}
		}
	],
	"display": {
		"thirdperson_righthand": {
			"rotation": [75, 45, 0],
			"translation": [0, 2.5, 0],
			"scale": [0.375, 0.375, 0.375]
		},
		"thirdperson_lefthand": {
			"rotation": [75, 45, 0],
			"translation": [0, 2.5, 0],
			"scale": [0.375, 0.375, 0.375]
		},
		"firstperson_righthand": {
			"rotation": [0, 45, 0],
			"scale": [0.4, 0.4, 0.4]
		},
		"firstperson_lefthand": {
			"rotation": [0, 225, 0],
			"scale": [0.4, 0.4, 0.4]
		},
		"ground": {
			"translation": [0, 3, 0],
			"scale": [0.25, 0.25, 0.25]
		},
		"gui": {
			"rotation": [30, 225, 0],
			"scale": [0.625, 0.625, 0.625]
		},
		"fixed": {
			"scale": [0.5, 0.5, 0.5]
		}
	}
}