{
	"credit": "Made by N0do | GMnodo",
	"parent": "minecraft:block/cube_column",
	"textures": {
		"2": "modeltextures/crimson_stem",
		"4": "modeltextures/crimson_mushroom_block",
		"particle": "modeltextures/crimson_mushroom_block"
	},
	"elements": [
		{
			"from": [6, 2, 13],
			"to": [7, 3, 14],
			"rotation": {"angle": 22.5, "axis": "y", "origin": [8.72222, 2.11111, 9.52778]},
			"faces": {
				"north": {"uv": [9, 3, 10, 4], "texture": "#2"},
				"east": {"uv": [7, 8, 8, 9], "texture": "#2"},
				"south": {"uv": [8, 5, 9, 6], "texture": "#2"},
				"west": {"uv": [6, 6, 7, 7], "texture": "#2"}
			}
		},
		{
			"from": [5.25, 3, 12.25],
			"to": [7.75, 4, 14.75],
			"rotation": {"angle": 22.5, "axis": "y", "origin": [8.72222, 2.11111, 9.52778]},
			"faces": {
				"north": {"uv": [8, 1, 10.5, 2], "texture": "#4"},
				"east": {"uv": [6, 6, 8.5, 7], "texture": "#4"},
				"south": {"uv": [9, 6, 11.5, 7], "texture": "#4"},
				"west": {"uv": [6, 5, 8.5, 6], "texture": "#4"},
				"up": {"uv": [4, 3, 6.5, 5.5], "texture": "#4"},
				"down": {"uv": [6, 6, 8.5, 8.5], "texture": "#4"}
			}
		},
		{
			"from": [5, 0, 7],
			"to": [6, 2, 8],
			"rotation": {"angle": 22.5, "axis": "y", "origin": [8.72222, 2.11111, 9.52778]},
			"faces": {
				"north": {"uv": [9, 3, 10, 5], "texture": "#2"},
				"east": {"uv": [7, 8, 8, 10], "texture": "#2"},
				"south": {"uv": [8, 5, 9, 7], "texture": "#2"},
				"west": {"uv": [6, 6, 7, 8], "texture": "#2"},
				"down": {"uv": [6, 6, 7, 7], "texture": "#2", "cullface": "down"}
			}
		},
		{
			"from": [3.5, 2, 5.75],
			"to": [7.25, 3, 9.5],
			"rotation": {"angle": 22.5, "axis": "y", "origin": [8.72222, 2.11111, 9.52778]},
			"faces": {
				"north": {"uv": [8, 1, 11.75, 2], "texture": "#4"},
				"east": {"uv": [4, 7, 7.75, 8], "texture": "#4"},
				"south": {"uv": [6, 8, 9.75, 9], "texture": "#4"},
				"west": {"uv": [7, 6, 10.75, 7], "texture": "#4"},
				"up": {"uv": [4, 3, 7.75, 6.75], "texture": "#4"},
				"down": {"uv": [6, 6, 9.75, 9.75], "texture": "#4"}
			}
		},
		{
			"from": [10, 4, 5],
			"to": [13, 5, 8],
			"rotation": {"angle": 22.5, "axis": "y", "origin": [8.72222, 2.11111, 9.52778]},
			"faces": {
				"north": {"uv": [9, 4, 12, 5], "texture": "#4"},
				"east": {"uv": [6, 2, 9, 3], "texture": "#4"},
				"south": {"uv": [12, 13, 15, 14], "texture": "#4"},
				"west": {"uv": [3, 6, 6, 7], "texture": "#4"},
				"up": {"uv": [4, 3, 7, 6], "texture": "#4"},
				"down": {"uv": [6, 6, 9, 9], "texture": "#4"}
			}
		},
		{
			"from": [13, 2, 5],
			"to": [14, 4, 8],
			"rotation": {"angle": 22.5, "axis": "y", "origin": [8.72222, 2.11111, 9.52778]},
			"faces": {
				"north": {"uv": [10, 3, 11, 5], "texture": "#4"},
				"east": {"uv": [13, 12, 16, 14], "texture": "#4"},
				"south": {"uv": [13, 12, 14, 14], "texture": "#4"},
				"west": {"uv": [3, 6, 6, 8], "texture": "#4"},
				"up": {"uv": [4, 3, 5, 6], "texture": "#4"},
				"down": {"uv": [6, 7, 7, 10], "texture": "#4"}
			}
		},
		{
			"from": [9, 2, 5],
			"to": [10, 4, 8],
			"rotation": {"angle": 22.5, "axis": "y", "origin": [8.72222, 2.11111, 9.52778]},
			"faces": {
				"north": {"uv": [11, 7, 12, 9], "texture": "#4"},
				"east": {"uv": [6, 2, 9, 4], "texture": "#4"},
				"south": {"uv": [12, 11, 13, 13], "texture": "#4"},
				"west": {"uv": [9, 4, 12, 6], "texture": "#4"},
				"up": {"uv": [10, 4, 11, 7], "texture": "#4"}
			}
		},
		{
			"from": [10, 2, 8],
			"to": [13, 4, 9],
			"rotation": {"angle": 22.5, "axis": "y", "origin": [8.72222, 2.11111, 9.52778]},
			"faces": {
				"north": {"uv": [6, 2, 9, 4], "texture": "#4"},
				"east": {"uv": [7, 5, 8, 7], "texture": "#4"},
				"south": {"uv": [9, 4, 12, 6], "texture": "#4"},
				"west": {"uv": [11, 7, 12, 9], "texture": "#4"},
				"up": {"uv": [6, 6, 9, 7], "texture": "#4"},
				"down": {"uv": [6, 6, 9, 7], "texture": "#4"}
			}
		},
		{
			"from": [10, 2, 4],
			"to": [13, 4, 5],
			"rotation": {"angle": 22.5, "axis": "y", "origin": [8.72222, 2.11111, 9.52778]},
			"faces": {
				"north": {"uv": [6, 5, 9, 7], "texture": "#4"},
				"east": {"uv": [12, 13, 13, 15], "texture": "#4"},
				"south": {"uv": [3, 6, 6, 8], "texture": "#4"},
				"west": {"uv": [10, 5, 11, 7], "texture": "#4"},
				"up": {"uv": [9, 8, 12, 9], "texture": "#4"},
				"down": {"uv": [6, 6, 9, 7], "texture": "#4"}
			}
		},
		{
			"from": [8, 0, 4],
			"to": [10, 2, 12],
			"rotation": {"angle": 22.5, "axis": "y", "origin": [8.72222, 2.11111, 9.52778]},
			"faces": {
				"north": {"uv": [5, 3, 7, 5], "texture": "#2"},
				"east": {"uv": [5, 3, 13, 5], "texture": "#2"},
				"south": {"uv": [5, 3, 7, 5], "texture": "#2"},
				"west": {"uv": [5, 3, 13, 5], "texture": "#2"},
				"up": {"uv": [5, 3, 7, 11], "texture": "#2"},
				"down": {"uv": [5, 3, 7, 11], "texture": "#2", "cullface": "down"}
			}
		},
		{
			"from": [10, 0, 6],
			"to": [12, 1, 7],
			"rotation": {"angle": 22.5, "axis": "y", "origin": [8.72222, 2.11111, 9.52778]},
			"faces": {
				"north": {"uv": [4, 4, 6, 5], "texture": "#2"},
				"east": {"uv": [4, 4, 5, 5], "texture": "#2"},
				"south": {"uv": [4, 4, 6, 5], "texture": "#2"},
				"up": {"uv": [4, 4, 6, 5], "texture": "#2"},
				"down": {"uv": [4, 4, 6, 5], "texture": "#2", "cullface": "down"}
			}
		},
		{
			"from": [11, 1, 6],
			"to": [12, 4, 7],
			"rotation": {"angle": 22.5, "axis": "y", "origin": [8.72222, 2.11111, 9.52778]},
			"faces": {
				"north": {"uv": [4, 4, 5, 7], "texture": "#2"},
				"east": {"uv": [4, 4, 5, 7], "texture": "#2"},
				"south": {"uv": [4, 4, 5, 7], "texture": "#2"},
				"west": {"uv": [4, 4, 5, 7], "texture": "#2"}
			}
		},
		{
			"from": [8, 0, 12],
			"to": [9, 2, 13],
			"rotation": {"angle": 22.5, "axis": "y", "origin": [8.72222, 2.11111, 9.52778]},
			"faces": {
				"east": {"uv": [5, 3, 6, 5], "texture": "#2"},
				"south": {"uv": [5, 3, 6, 5], "texture": "#2"},
				"up": {"uv": [5, 3, 6, 4], "texture": "#2"},
				"down": {"uv": [5, 3, 6, 4], "texture": "#2", "cullface": "down"}
			}
		},
		{
			"from": [7, 0, 11],
			"to": [8, 2, 12],
			"rotation": {"angle": 22.5, "axis": "y", "origin": [8.72222, 2.11111, 9.52778]},
			"faces": {
				"north": {"uv": [5, 3, 6, 5], "texture": "#2"},
				"west": {"uv": [5, 3, 6, 5], "texture": "#2"},
				"up": {"uv": [5, 3, 6, 4], "texture": "#2"},
				"down": {"uv": [5, 3, 6, 4], "texture": "#2", "cullface": "down"}
			}
		},
		{
			"from": [7, 0, 12],
			"to": [8, 2, 13],
			"rotation": {"angle": 22.5, "axis": "y", "origin": [8.72222, 2.11111, 9.52778]},
			"faces": {
				"up": {"uv": [5, 3, 6, 4], "texture": "#2"},
				"down": {"uv": [5, 3, 6, 4], "texture": "#2", "cullface": "down"}
			}
		},
		{
			"from": [7, 0, 13],
			"to": [8, 2, 14],
			"rotation": {"angle": 22.5, "axis": "y", "origin": [8.72222, 2.11111, 9.52778]},
			"faces": {
				"east": {"uv": [3, 7, 4, 9], "texture": "#2"},
				"south": {"uv": [3, 7, 4, 9], "texture": "#2"},
				"up": {"uv": [3, 7, 4, 8], "texture": "#2"},
				"down": {"uv": [3, 7, 4, 8], "texture": "#2", "cullface": "down"}
			}
		},
		{
			"from": [6, 0, 13],
			"to": [7, 2, 14],
			"rotation": {"angle": 22.5, "axis": "y", "origin": [8.72222, 2.11111, 9.52778]},
			"faces": {
				"south": {"uv": [11, 2, 12, 4], "texture": "#2"},
				"west": {"uv": [11, 2, 12, 4], "texture": "#2"},
				"down": {"uv": [11, 2, 12, 3], "texture": "#2", "cullface": "down"}
			}
		},
		{
			"from": [6, 0, 12],
			"to": [7, 2, 13],
			"rotation": {"angle": 22.5, "axis": "y", "origin": [8.72222, 2.11111, 9.52778]},
			"faces": {
				"north": {"uv": [5, 3, 6, 5], "texture": "#2"},
				"west": {"uv": [5, 3, 6, 5], "texture": "#2"},
				"up": {"uv": [5, 3, 6, 4], "texture": "#2"},
				"down": {"uv": [5, 3, 6, 4], "texture": "#2", "cullface": "down"}
			}
		}
	],
	"display": {
		"thirdperson_righthand": {
			"translation": [0, 3, 1],
			"scale": [0.55, 0.55, 0.55]
		},
		"thirdperson_lefthand": {
			"translation": [0, 3, 1],
			"scale": [0.55, 0.55, 0.55]
		},
		"firstperson_righthand": {
			"rotation": [0, -90, 25],
			"translation": [1.13, 3.2, 1.13],
			"scale": [0.68, 0.68, 0.68]
		},
		"firstperson_lefthand": {
			"rotation": [0, -90, 25],
			"translation": [1.13, 3.2, 1.13],
			"scale": [0.68, 0.68, 0.68]
		},
		"ground": {
			"translation": [0, 2, 0],
			"scale": [0.5, 0.5, 0.5]
		},
		"head": {
			"rotation": [0, 180, 0],
			"translation": [0, 13, 7]
		},
		"fixed": {
			"rotation": [0, 180, 0]
		}
	}
}