{
	"credit": "Made by N0do | GMnodo",
	"textures": {
		"particle": "modeltextures/sugar_cane"
	},
	"elements": [
		{
			"from": [3, -5, 3],
			"to": [5, 11, 5],
			"faces": {
				"north": {"uv": [9, 0, 11, 16], "texture": "#particle"},
				"east": {"uv": [9, 0, 11, 16], "texture": "#particle"},
				"south": {"uv": [9, 0, 11, 16], "texture": "#particle"},
				"west": {"uv": [9, 0, 11, 16], "texture": "#particle"},
				"up": {"uv": [9, 0, 11, 2], "texture": "#particle"},
				"down": {"uv": [9, 14, 11, 16], "texture": "#particle", "cullface": "down"}
			}
		},
		{
			"from": [6, 0, 12],
			"to": [8, 16, 14],
			"faces": {
				"north": {"uv": [5, 0, 7, 16], "texture": "#particle"},
				"east": {"uv": [5, 0, 7, 16], "texture": "#particle"},
				"south": {"uv": [5, 0, 7, 16], "texture": "#particle"},
				"west": {"uv": [5, 0, 7, 16], "texture": "#particle"},
				"up": {"uv": [5, 0, 7, 2], "texture": "#particle", "cullface": "up"},
				"down": {"uv": [5, 14, 7, 16], "texture": "#particle", "cullface": "down"}
			}
		},
		{
			"from": [7, 0, 6],
			"to": [9, 16, 8],
			"faces": {
				"north": {"uv": [5, 0, 7, 16], "texture": "#particle"},
				"east": {"uv": [5, 0, 7, 16], "texture": "#particle"},
				"south": {"uv": [5, 0, 7, 16], "texture": "#particle"},
				"west": {"uv": [5, 0, 7, 16], "texture": "#particle"},
				"up": {"uv": [5, 0, 7, 2], "texture": "#particle", "cullface": "up"},
				"down": {"uv": [5, 14, 7, 16], "texture": "#particle", "cullface": "down"}
			}
		},
		{
			"from": [11, 0, 3],
			"to": [13, 16, 5],
			"faces": {
				"north": {"uv": [1, 0, 3, 16], "texture": "#particle"},
				"east": {"uv": [1, 0, 3, 16], "texture": "#particle"},
				"south": {"uv": [1, 0, 3, 16], "texture": "#particle"},
				"west": {"uv": [1, 0, 3, 16], "texture": "#particle"},
				"up": {"uv": [1, 0, 3, 2], "texture": "#particle", "cullface": "up"},
				"down": {"uv": [1, 14, 3, 16], "texture": "#particle", "cullface": "down"}
			}
		},
		{
			"from": [12, -2, 11],
			"to": [14, 14, 13],
			"faces": {
				"north": {"uv": [1, 0, 3, 16], "texture": "#particle"},
				"east": {"uv": [1, 0, 3, 16], "texture": "#particle"},
				"south": {"uv": [1, 0, 3, 16], "texture": "#particle"},
				"west": {"uv": [1, 0, 3, 16], "texture": "#particle"},
				"up": {"uv": [1, 0, 3, 2], "texture": "#particle"},
				"down": {"uv": [1, 14, 3, 16], "texture": "#particle", "cullface": "down"}
			}
		},
		{
			"from": [2, 0, 9],
			"to": [4, 16, 11],
			"faces": {
				"north": {"uv": [13, 0, 15, 16], "texture": "#particle"},
				"east": {"uv": [13, 0, 15, 16], "texture": "#particle"},
				"south": {"uv": [13, 0, 15, 16], "texture": "#particle"},
				"west": {"uv": [13, 0, 15, 16], "texture": "#particle"},
				"up": {"uv": [13, 0, 15, 2], "texture": "#particle", "cullface": "up"},
				"down": {"uv": [13, 14, 15, 16], "texture": "#particle", "cullface": "down"}
			}
		},
		{
			"from": [1, 7, 9],
			"to": [2, 9, 10],
			"faces": {
				"north": {"uv": [15, 6, 16, 8], "texture": "#particle"},
				"south": {"uv": [15, 6, 16, 8], "texture": "#particle"},
				"west": {"uv": [15, 6, 16, 8], "texture": "#particle"},
				"up": {"uv": [15, 6, 16, 7], "texture": "#particle"},
				"down": {"uv": [15, 6, 16, 7], "texture": "#particle"}
			}
		},
		{
			"from": [11, 0, 11],
			"to": [12, 2, 12],
			"faces": {
				"north": {"uv": [0, 8, 1, 10], "texture": "#particle"},
				"south": {"uv": [0, 8, 1, 9], "rotation": 270, "texture": "#particle"},
				"west": {"uv": [0, 8, 1, 9], "rotation": 270, "texture": "#particle"},
				"up": {"uv": [0, 8, 1, 9], "rotation": 270, "texture": "#particle"},
				"down": {"uv": [0, 8, 1, 9], "rotation": 270, "texture": "#particle", "cullface": "down"}
			}
		},
		{
			"from": [11, 9, 12],
			"to": [12, 11, 13],
			"faces": {
				"north": {"uv": [3, 2, 4, 4], "texture": "#particle"},
				"south": {"uv": [3, 2, 4, 4], "texture": "#particle"},
				"west": {"uv": [3, 2, 4, 4], "texture": "#particle"},
				"up": {"uv": [3, 2, 4, 3], "texture": "#particle"},
				"down": {"uv": [3, 2, 4, 3], "texture": "#particle"}
			}
		},
		{
			"from": [13, 5, 13],
			"to": [14, 7, 14],
			"faces": {
				"east": {"uv": [3, 2, 4, 4], "texture": "#particle"},
				"south": {"uv": [3, 2, 4, 4], "texture": "#particle"},
				"west": {"uv": [3, 2, 4, 4], "texture": "#particle"},
				"up": {"uv": [3, 2, 4, 3], "texture": "#particle"},
				"down": {"uv": [3, 2, 4, 3], "texture": "#particle"}
			}
		},
		{
			"from": [4, 11, 10],
			"to": [5, 13, 11],
			"faces": {
				"north": {"uv": [15, 6, 16, 8], "texture": "#particle"},
				"east": {"uv": [15, 6, 16, 8], "texture": "#particle"},
				"south": {"uv": [15, 6, 16, 8], "texture": "#particle"},
				"up": {"uv": [15, 6, 16, 7], "texture": "#particle"},
				"down": {"uv": [15, 6, 16, 7], "texture": "#particle"}
			}
		},
		{
			"from": [3, 1, 11],
			"to": [4, 3, 12],
			"faces": {
				"east": {"uv": [12, 13, 13, 14], "texture": "#particle"},
				"south": {"uv": [12, 13, 13, 14], "texture": "#particle"},
				"west": {"uv": [12, 13, 13, 14], "texture": "#particle"},
				"up": {"uv": [12, 13, 13, 14], "texture": "#particle"},
				"down": {"uv": [12, 13, 13, 14], "texture": "#particle"}
			}
		},
		{
			"from": [11, 7, 5],
			"to": [12, 9, 6],
			"faces": {
				"east": {"uv": [3, 2, 4, 4], "texture": "#particle"},
				"south": {"uv": [3, 2, 4, 4], "texture": "#particle"},
				"west": {"uv": [3, 2, 4, 4], "texture": "#particle"},
				"up": {"uv": [3, 2, 4, 3], "texture": "#particle"},
				"down": {"uv": [3, 2, 4, 3], "texture": "#particle"}
			}
		},
		{
			"from": [12, 11, 2],
			"to": [13, 13, 3],
			"faces": {
				"north": {"uv": [3, 2, 4, 4], "texture": "#particle"},
				"east": {"uv": [3, 2, 4, 4], "texture": "#particle"},
				"west": {"uv": [3, 2, 4, 4], "texture": "#particle"},
				"up": {"uv": [3, 2, 4, 3], "texture": "#particle"},
				"down": {"uv": [3, 2, 4, 3], "texture": "#particle"}
			}
		},
		{
			"from": [13, 3, 3],
			"to": [14, 5, 4],
			"faces": {
				"north": {"uv": [0, 8, 1, 10], "texture": "#particle"},
				"east": {"uv": [0, 8, 1, 10], "texture": "#particle"},
				"south": {"uv": [0, 8, 1, 10], "texture": "#particle"},
				"up": {"uv": [0, 8, 1, 9], "rotation": 270, "texture": "#particle"},
				"down": {"uv": [0, 8, 1, 9], "rotation": 90, "texture": "#particle"}
			}
		}
	],
	"display": {
		"thirdperson_righthand": {
			"rotation": [75, 45, 0],
			"translation": [0, 2.5, 0],
			"scale": [0.375, 0.375, 0.375]
		},
		"thirdperson_lefthand": {
			"rotation": [75, 45, 0],
			"translation": [0, 2.5, 0],
			"scale": [0.375, 0.375, 0.375]
		},
		"firstperson_righthand": {
			"rotation": [0, 45, 0],
			"scale": [0.4, 0.4, 0.4]
		},
		"firstperson_lefthand": {
			"rotation": [0, 225, 0],
			"scale": [0.4, 0.4, 0.4]
		},
		"ground": {
			"translation": [0, 3, 0],
			"scale": [0.25, 0.25, 0.25]
		},
		"gui": {
			"rotation": [30, 225, 0],
			"scale": [0.625, 0.625, 0.625]
		},
		"fixed": {
			"scale": [0.5, 0.5, 0.5]
		}
	}
}